id,Personality
23491,Introvert
20017,Introvert
18878,Introvert
23330,Extrovert
22507,Introvert
19774,Extrovert
23781,Introvert
22286,Extrovert
20472,Introvert
22653,Introvert
21800,Introvert
23484,Introvert
19482,Extrovert
23569,Extrovert
21156,Introvert
22291,Extrovert
21073,Introvert
22720,Introvert
19128,Extrovert
19768,Introvert
18979,Extrovert
24005,Introvert
23336,Extrovert
20434,Introvert
21407,Extrovert
20730,Extrovert
20151,Extrovert
21762,Introvert
18876,Introvert
23844,Extrovert
22717,Extrovert
20934,Extrovert
21359,Extrovert
18754,Extrovert
21103,Introvert
20126,Introvert
20668,Extrovert
21358,Extrovert
18977,Extrovert
20380,Extrovert
20725,Introvert
23097,Introvert
24168,Extrovert
21821,Introvert
19707,Extrovert
24135,Introvert
19467,Introvert
18757,Extrovert
19242,Extrovert
20001,Introvert
22340,Extrovert
24118,Introvert
20667,Extrovert
21019,Extrovert
20519,Introvert
21497,Introvert
22224,Extrovert
24640,Extrovert
22559,Introvert
21868,Extrovert
21482,Extrovert
21537,Introvert
20694,Extrovert
22366,Extrovert
20033,Introvert
21286,Introvert
21658,Introvert
23770,Introvert
23342,Introvert
19612,Extrovert
24293,Introvert
20511,Introvert
23547,Extrovert
19158,Introvert
24365,Introvert
18972,Introvert
18591,Introvert
22740,Introvert
20558,Extrovert
22723,Introvert
23946,Extrovert
20776,Extrovert
20920,Extrovert
23660,Introvert
21817,Introvert
20958,Extrovert
19522,Extrovert
24220,Introvert
22438,Introvert
22196,Introvert
21428,Introvert
20905,Introvert
20306,Introvert
22177,Introvert
23872,Extrovert
19924,Introvert
24074,Introvert
22892,Extrovert
20144,Introvert
23437,Extrovert
20146,Introvert
23323,Introvert
23104,Extrovert
18887,Introvert
23963,Introvert
19668,Introvert
21692,Introvert
23350,Introvert
24160,Introvert
23892,Introvert
20541,Introvert
19030,Introvert
18973,Introvert
19593,Extrovert
20045,Introvert
22143,Introvert
22773,Extrovert
23125,Extrovert
24428,Introvert
23142,Introvert
23465,Introvert
19365,Introvert
19634,Introvert
24669,Introvert
18582,Introvert
20397,Introvert
22348,Introvert
19352,Extrovert
22916,Introvert
19444,Introvert
24208,Extrovert
19793,Introvert
21915,Introvert
21749,Introvert
21747,Extrovert
22699,Extrovert
22630,Introvert
20485,Introvert
18666,Extrovert
24112,Introvert
21712,Extrovert
20159,Introvert
21562,Introvert
18665,Extrovert
24453,Introvert
19816,Introvert
22848,Introvert
21876,Introvert
20476,Introvert
19773,Introvert
19746,Introvert
23309,Introvert
19246,Introvert
24468,Introvert
21581,Extrovert
21463,Introvert
21920,Introvert
21996,Introvert
23200,Extrovert
23842,Introvert
19039,Extrovert
21919,Extrovert
23874,Introvert
18822,Introvert
18927,Introvert
23389,Introvert
24033,Extrovert
19881,Introvert
22881,Introvert
19994,Introvert
23586,Introvert
22235,Extrovert
24522,Introvert
21056,Introvert
19999,Introvert
21051,Introvert
20326,Introvert
24068,Extrovert
23986,Introvert
22524,Introvert
18995,Extrovert
20308,Introvert
21498,Extrovert
23711,Extrovert
20844,Extrovert
22989,Extrovert
21034,Introvert
20856,Introvert
18763,Extrovert
21012,Introvert
20876,Extrovert
24172,Introvert
22218,Extrovert
24392,Introvert
19509,Extrovert
22988,Introvert
22284,Extrovert
20556,Introvert
19583,Extrovert
20662,Introvert
24408,Introvert
18673,Introvert
20244,Introvert
22809,Introvert
21481,Extrovert
23060,Extrovert
20912,Extrovert
23580,Introvert
23704,Introvert
18946,Extrovert
24357,Extrovert
21064,Extrovert
22373,Introvert
20559,Extrovert
24489,Introvert
21314,Introvert
21172,Introvert
19105,Introvert
22413,Introvert
22356,Introvert
18645,Introvert
19386,Introvert
22856,Introvert
19181,Introvert
20983,Introvert
19798,Introvert
24368,Introvert
19390,Introvert
24018,Introvert
21343,Extrovert
18553,Introvert
19664,Introvert
21565,Introvert
23645,Extrovert
21648,Introvert
22481,Introvert
21932,Extrovert
20754,Extrovert
21726,Introvert
21629,Extrovert
22268,Extrovert
21041,Introvert
23631,Introvert
20629,Extrovert
18954,Extrovert
22682,Introvert
23773,Extrovert
22775,Extrovert
22997,Introvert
20403,Extrovert
20686,Introvert
21144,Introvert
23917,Introvert
24611,Introvert
21851,Extrovert
19228,Introvert
21069,Extrovert
23958,Introvert
20517,Introvert
21864,Extrovert
22182,Introvert
20869,Extrovert
20992,Introvert
18758,Introvert
23005,Introvert
21143,Introvert
21084,Extrovert
23788,Extrovert
22751,Introvert
24539,Extrovert
23086,Introvert
24023,Extrovert
21128,Extrovert
23541,Introvert
18985,Extrovert
21305,Extrovert
24232,Extrovert
21462,Extrovert
19704,Extrovert
19339,Introvert
20729,Extrovert
24257,Introvert
22645,Introvert
23574,Introvert
20736,Extrovert
22233,Extrovert
19514,Extrovert
24267,Extrovert
21657,Extrovert
18667,Extrovert
18864,Introvert
24313,Introvert
18787,Introvert
18542,Introvert
20000,Introvert
19224,Extrovert
19843,Introvert
24537,Introvert
22896,Extrovert
23642,Extrovert
23497,Introvert
23890,Extrovert
20349,Extrovert
22759,Introvert
19185,Introvert
19215,Extrovert
23050,Introvert
18697,Introvert
23291,Extrovert
21232,Extrovert
20049,Introvert
23071,Introvert
22985,Introvert
20514,Introvert
20622,Extrovert
20153,Introvert
20071,Introvert
20761,Introvert
23411,Introvert
22082,Introvert
18643,Introvert
19685,Extrovert
19417,Introvert
23738,Introvert
23218,Introvert
20530,Extrovert
19540,Introvert
23262,Extrovert
24226,Introvert
23801,Introvert
22122,Introvert
22786,Extrovert
23377,Extrovert
23328,Introvert
20806,Extrovert
19472,Introvert
21848,Introvert
21770,Extrovert
20765,Extrovert
19292,Extrovert
21827,Extrovert
24133,Extrovert
21424,Introvert
19380,Introvert
20169,Introvert
20728,Introvert
20531,Introvert
18597,Extrovert
23993,Introvert
22695,Extrovert
18631,Extrovert
24137,Introvert
22435,Extrovert
21036,Extrovert
24012,Extrovert
22718,Extrovert
19179,Introvert
18740,Extrovert
20783,Introvert
22032,Extrovert
21223,Introvert
24394,Extrovert
24121,Introvert
20714,Extrovert
24260,Extrovert
19849,Introvert
21272,Introvert
24334,Introvert
22575,Introvert
21651,Introvert
22410,Introvert
22189,Extrovert
21867,Extrovert
20194,Introvert
20479,Introvert
22068,Extrovert
21835,Extrovert
22580,Introvert
21445,Introvert
22758,Extrovert
21511,Extrovert
20812,Extrovert
20003,Extrovert
21113,Introvert
19639,Introvert
23814,Extrovert
20213,Introvert
18589,Extrovert
22463,Extrovert
19985,Extrovert
22252,Extrovert
23538,Extrovert
21213,Extrovert
23207,Extrovert
19032,Introvert
19928,Introvert
19342,Introvert
23904,Extrovert
18566,Introvert
20948,Introvert
21984,Introvert
20057,Introvert
19545,Introvert
18949,Introvert
23625,Extrovert
23878,Extrovert
24560,Introvert
21869,Introvert
19697,Extrovert
20743,Introvert
21269,Extrovert
23423,Introvert
24272,Introvert
20009,Introvert
22399,Introvert
19273,Introvert
21189,Extrovert
23923,Extrovert
22794,Extrovert
23778,Introvert
22062,Introvert
22211,Extrovert
20826,Introvert
21566,Introvert
21757,Extrovert
23225,Extrovert
21020,Extrovert
22416,Introvert
19717,Extrovert
22172,Introvert
20085,Introvert
24351,Introvert
19724,Introvert
23026,Introvert
24672,Extrovert
23596,Introvert
19277,Extrovert
21251,Extrovert
19531,Introvert
19180,Introvert
24054,Introvert
19177,Introvert
21515,Introvert
20025,Extrovert
21364,Extrovert
18546,Extrovert
20293,Introvert
24557,Extrovert
18944,Introvert
20659,Introvert
22376,Extrovert
22012,Introvert
24375,Extrovert
20182,Introvert
22822,Introvert
23865,Extrovert
22351,Introvert
20252,Introvert
23504,Introvert
23469,Introvert
20084,Introvert
22078,Extrovert
18708,Extrovert
19615,Introvert
22449,Extrovert
24030,Introvert
18872,Introvert
24391,Introvert
22864,Introvert
24049,Extrovert
20091,Extrovert
23636,Introvert
23854,Introvert
20112,Introvert
20512,Extrovert
23940,Introvert
24139,Extrovert
24422,Introvert
18936,Extrovert
22560,Introvert
19672,Extrovert
23714,Introvert
23477,Introvert
18616,Extrovert
22943,Introvert
22646,Introvert
22606,Introvert
23536,Extrovert
21731,Extrovert
18850,Introvert
18728,Introvert
19303,Introvert
22776,Extrovert
23598,Extrovert
21308,Introvert
20789,Introvert
22876,Introvert
23740,Introvert
19396,Introvert
20277,Introvert
22004,Introvert
19206,Introvert
23334,Introvert
18921,Introvert
23346,Introvert
23820,Extrovert
21008,Extrovert
24612,Introvert
21551,Extrovert
24475,Introvert
23937,Introvert
22782,Extrovert
24322,Introvert
19511,Extrovert
24187,Introvert
22541,Introvert
22296,Extrovert
19363,Extrovert
21610,Extrovert
21337,Introvert
21708,Introvert
23876,Extrovert
20766,Introvert
19284,Extrovert
22263,Extrovert
23133,Extrovert
20723,Introvert
24445,Extrovert
24298,Extrovert
19085,Extrovert
21226,Extrovert
21598,Introvert
23082,Extrovert
19898,Extrovert
19293,Extrovert
23967,Extrovert
23734,Introvert
20402,Introvert
22406,Extrovert
24400,Extrovert
18945,Extrovert
22432,Extrovert
20549,Extrovert
22120,Extrovert
22788,Introvert
21605,Introvert
21137,Introvert
20217,Extrovert
22031,Extrovert
22448,Extrovert
23329,Introvert
22490,Extrovert
23707,Extrovert
19058,Extrovert
19919,Introvert
20551,Introvert
21229,Extrovert
23219,Introvert
23157,Introvert
24528,Introvert
21707,Extrovert
18531,Introvert
23891,Extrovert
21362,Introvert
18874,Introvert
21755,Extrovert
24686,Extrovert
19218,Introvert
20443,Extrovert
20492,Introvert
20390,Extrovert
21777,Extrovert
20678,Extrovert
23244,Introvert
23673,Introvert
24676,Introvert
22384,Extrovert
23700,Extrovert
19043,Introvert
23439,Extrovert
23119,Extrovert
23307,Extrovert
24088,Extrovert
22669,Introvert
19523,Extrovert
19068,Extrovert
23563,Introvert
22532,Introvert
20528,Introvert
22388,Introvert
21913,Introvert
20425,Introvert
20550,Extrovert
20562,Introvert
18692,Extrovert
22735,Introvert
18738,Introvert
19638,Extrovert
23416,Introvert
23283,Extrovert
19953,Extrovert
19157,Extrovert
22370,Introvert
20827,Introvert
23710,Introvert
21715,Extrovert
23862,Introvert
23056,Introvert
21499,Introvert
20689,Extrovert
19378,Introvert
18595,Introvert
20394,Introvert
21422,Extrovert
18812,Extrovert
23192,Extrovert
23628,Introvert
20648,Introvert
19680,Extrovert
18552,Introvert
19477,Extrovert
23233,Introvert
20409,Extrovert
23896,Extrovert
22544,Extrovert
24409,Extrovert
23428,Extrovert
22320,Introvert
23931,Extrovert
24196,Introvert
23564,Extrovert
21312,Introvert
19934,Extrovert
22317,Extrovert
22787,Extrovert
21112,Extrovert
23961,Extrovert
22957,Extrovert
22756,Introvert
19947,Introvert
19009,Extrovert
20751,Introvert
20782,Extrovert
18719,Introvert
19108,Extrovert
22778,Extrovert
19647,Introvert
22941,Extrovert
24592,Extrovert
18765,Introvert
20355,Introvert
24095,Extrovert
21134,Extrovert
18917,Extrovert
22722,Extrovert
23266,Introvert
22380,Extrovert
21386,Extrovert
22660,Extrovert
21684,Extrovert
22305,Extrovert
22043,Introvert
20875,Extrovert
20702,Introvert
20488,Extrovert
20902,Extrovert
19362,Extrovert
22485,Introvert
22397,Introvert
24381,Introvert
21457,Introvert
21540,Introvert
20548,Extrovert
22798,Extrovert
19747,Extrovert
24142,Introvert
23155,Extrovert
23666,Introvert
22683,Extrovert
21104,Introvert
23121,Extrovert
21045,Introvert
22123,Introvert
20048,Introvert
23124,Introvert
24203,Introvert
22144,Introvert
20220,Introvert
18538,Introvert
19628,Extrovert
21089,Extrovert
20717,Introvert
24027,Introvert
21778,Introvert
23075,Introvert
23242,Extrovert
22803,Introvert
23832,Introvert
20080,Extrovert
22992,Introvert
18685,Introvert
23211,Introvert
20422,Introvert
20835,Extrovert
20796,Introvert
24198,Introvert
23982,Extrovert
20170,Introvert
22436,Introvert
23948,Extrovert
18902,Introvert
20625,Extrovert
23405,Introvert
19394,Extrovert
20685,Introvert
21294,Introvert
20157,Extrovert
22800,Extrovert
23162,Extrovert
18907,Extrovert
19560,Extrovert
20361,Introvert
19007,Introvert
18888,Extrovert
21077,Introvert
21187,Extrovert
19642,Introvert
19620,Extrovert
20807,Extrovert
24344,Introvert
22805,Extrovert
24649,Introvert
21037,Extrovert
21433,Introvert
22564,Introvert
20047,Introvert
19948,Extrovert
23618,Introvert
23559,Introvert
22458,Extrovert
21142,Introvert
22195,Introvert
19597,Extrovert
24508,Extrovert
20274,Extrovert
18770,Extrovert
20358,Introvert
20119,Introvert
23775,Extrovert
21062,Introvert
22991,Introvert
19251,Introvert
22687,Extrovert
22887,Extrovert
21252,Introvert
21106,Introvert
19686,Extrovert
22861,Extrovert
23840,Extrovert
19823,Extrovert
23294,Introvert
24666,Extrovert
20297,Extrovert
18724,Introvert
19464,Extrovert
21882,Introvert
24595,Introvert
20508,Introvert
19788,Extrovert
23182,Introvert
24376,Extrovert
21681,Introvert
20401,Extrovert
22673,Introvert
20055,Extrovert
19420,Introvert
19859,Introvert
19729,Introvert
23899,Introvert
19883,Extrovert
20881,Introvert
23634,Introvert
22873,Extrovert
21024,Extrovert
22743,Extrovert
21659,Introvert
20490,Extrovert
18526,Extrovert
21907,Extrovert
22679,Extrovert
23637,Introvert
22685,Extrovert
22670,Introvert
23191,Introvert
18543,Extrovert
21125,Extrovert
23656,Introvert
22769,Introvert
19972,Introvert
23597,Extrovert
20046,Introvert
22663,Introvert
21946,Introvert
20988,Extrovert
21810,Extrovert
22814,Extrovert
21736,Introvert
19876,Extrovert
19360,Introvert
23117,Introvert
23316,Introvert
20908,Introvert
20098,Introvert
22973,Extrovert
24170,Extrovert
21248,Extrovert
20131,Extrovert
23786,Extrovert
18929,Extrovert
20282,Extrovert
21977,Extrovert
19299,Introvert
21669,Introvert
18625,Extrovert
21086,Extrovert
21752,Extrovert
23959,Extrovert
19169,Extrovert
19421,Extrovert
20949,Extrovert
23760,Introvert
18729,Introvert
23220,Introvert
18571,Introvert
20672,Extrovert
21431,Extrovert
22077,Extrovert
24185,Introvert
19257,Introvert
19847,Introvert
21470,Extrovert
22880,Introvert
22446,Introvert
22698,Introvert
19102,Extrovert
21989,Extrovert
21937,Introvert
21602,Extrovert
18641,Extrovert
19462,Introvert
23830,Extrovert
19019,Introvert
22175,Introvert
19454,Extrovert
19797,Extrovert
22627,Introvert
24493,Introvert
19111,Extrovert
19841,Introvert
23077,Introvert
24577,Extrovert
24432,Introvert
21158,Introvert
22212,Extrovert
23177,Extrovert
20879,Extrovert
21418,Extrovert
20932,Introvert
24587,Introvert
19271,Introvert
20732,Extrovert
18648,Extrovert
24621,Introvert
20083,Introvert
18810,Extrovert
23687,Extrovert
19571,Introvert
20285,Extrovert
19483,Introvert
22537,Introvert
21870,Extrovert
22325,Introvert
23851,Extrovert
18926,Introvert
22972,Introvert
21489,Extrovert
24527,Introvert
21696,Introvert
21406,Extrovert
20436,Extrovert
20871,Introvert
19210,Introvert
21404,Introvert
23555,Extrovert
21673,Introvert
24115,Extrovert
22287,Introvert
22584,Introvert
23359,Introvert
24478,Extrovert
21843,Introvert
23415,Extrovert
21803,Extrovert
23701,Introvert
19809,Extrovert
19410,Extrovert
23871,Introvert
20767,Extrovert
22868,Extrovert
23758,Extrovert
19274,Introvert
18745,Introvert
19066,Introvert
24013,Introvert
22428,Introvert
24354,Extrovert
22383,Extrovert
24287,Extrovert
24576,Introvert
23557,Extrovert
22741,Extrovert
23643,Introvert
22405,Extrovert
20898,Introvert
20453,Introvert
24509,Extrovert
19351,Extrovert
24070,Introvert
23404,Extrovert
18925,Introvert
20640,Extrovert
21833,Introvert
21460,Introvert
23304,Extrovert
24460,Introvert
23080,Introvert
20337,Extrovert
19329,Introvert
21873,Introvert
24677,Introvert
21282,Extrovert
19426,Extrovert
21122,Extrovert
19968,Extrovert
20363,Extrovert
18890,Introvert
19037,Introvert
22237,Introvert
22849,Extrovert
23767,Extrovert
19281,Introvert
23363,Extrovert
23180,Introvert
20473,Extrovert
20650,Introvert
22204,Extrovert
19790,Introvert
20708,Extrovert
24169,Introvert
23662,Introvert
21256,Extrovert
22392,Extrovert
21360,Introvert
21447,Extrovert
20757,Introvert
23989,Extrovert
23348,Extrovert
20611,Extrovert
22316,Introvert
22277,Introvert
21201,Extrovert
20858,Extrovert
23210,Introvert
19559,Introvert
23696,Introvert
23902,Extrovert
18626,Extrovert
21936,Extrovert
21575,Extrovert
19381,Extrovert
19250,Extrovert
19719,Extrovert
20203,Extrovert
19087,Introvert
19055,Introvert
21806,Extrovert
23039,Introvert
20478,Introvert
18565,Introvert
22589,Extrovert
24214,Introvert
20342,Extrovert
18721,Extrovert
23035,Introvert
19703,Introvert
20654,Introvert
20501,Introvert
22974,Introvert
24052,Extrovert
21486,Introvert
18790,Introvert
20848,Extrovert
18909,Introvert
21285,Extrovert
20715,Extrovert
21764,Extrovert
23249,Extrovert
24486,Extrovert
18657,Extrovert
18646,Extrovert
22711,Introvert
24599,Extrovert
19878,Introvert
21484,Introvert
24331,Extrovert
19389,Introvert
22728,Extrovert
20090,Extrovert
22482,Extrovert
23925,Extrovert
21588,Extrovert
21263,Introvert
23606,Extrovert
22940,Extrovert
21796,Extrovert
21585,Extrovert
23861,Extrovert
19315,Introvert
22965,Introvert
24166,Extrovert
23471,Extrovert
21403,Extrovert
21198,Introvert
19863,Extrovert
20566,Introvert
19449,Extrovert
20322,Extrovert
20111,Introvert
23078,Extrovert
23969,Introvert
20484,Introvert
23247,Extrovert
21455,Introvert
23531,Introvert
20061,Extrovert
22639,Extrovert
22869,Extrovert
23464,Extrovert
24206,Extrovert
20784,Extrovert
20393,Introvert
19935,Introvert
22245,Extrovert
20020,Introvert
24403,Extrovert
20886,Extrovert
22583,Extrovert
21693,Extrovert
20018,Introvert
23145,Extrovert
24092,Introvert
22617,Introvert
24154,Introvert
21938,Extrovert
23672,Introvert
23799,Introvert
23456,Introvert
20529,Extrovert
23698,Introvert
21802,Extrovert
19148,Extrovert
20205,Introvert
22391,Introvert
20653,Extrovert
20118,Extrovert
23829,Introvert
24380,Introvert
20193,Extrovert
20823,Extrovert
22802,Extrovert
18848,Extrovert
21043,Extrovert
21638,Introvert
20431,Introvert
24574,Extrovert
20563,Introvert
21415,Extrovert
23895,Extrovert
23780,Introvert
23018,Introvert
22968,Introvert
20149,Extrovert
21966,Introvert
23115,Extrovert
18833,Extrovert
24303,Introvert
20371,Introvert
20075,Introvert
22153,Introvert
21273,Introvert
20204,Extrovert
19771,Introvert
19983,Extrovert
19370,Extrovert
23084,Extrovert
19736,Introvert
24090,Extrovert
20231,Introvert
19419,Introvert
23560,Introvert
23022,Introvert
19512,Extrovert
24479,Extrovert
22014,Introvert
24685,Extrovert
21586,Extrovert
22694,Introvert
22597,Extrovert
21807,Extrovert
20145,Introvert
20432,Extrovert
19828,Introvert
24261,Extrovert
18661,Introvert
21993,Extrovert
20882,Extrovert
24359,Extrovert
21769,Extrovert
22114,Extrovert
19259,Extrovert
22764,Extrovert
19101,Extrovert
22915,Introvert
24569,Extrovert
20831,Introvert
24143,Extrovert
21160,Introvert
19113,Extrovert
21325,Introvert
23792,Extrovert
24318,Extrovert
24485,Extrovert
19356,Extrovert
19097,Introvert
19064,Extrovert
24668,Introvert
22193,Extrovert
20325,Introvert
19006,Extrovert
24542,Extrovert
21856,Introvert
20096,Introvert
23529,Introvert
21950,Extrovert
24623,Extrovert
22672,Extrovert
22106,Extrovert
23833,Extrovert
24575,Extrovert
21865,Extrovert
20399,Extrovert
20941,Introvert
20321,Introvert
22498,Extrovert
19890,Introvert
19922,Extrovert
18653,Extrovert
18975,Extrovert
19622,Extrovert
21290,Extrovert
23718,Introvert
24120,Extrovert
19496,Extrovert
19555,Extrovert
18981,Introvert
24503,Extrovert
21080,Extrovert
19054,Introvert
22028,Extrovert
21645,Introvert
24047,Introvert
19438,Introvert
22216,Extrovert
21968,Extrovert
20051,Introvert
21608,Extrovert
23240,Introvert
23858,Introvert
21253,Extrovert
21018,Introvert
18599,Extrovert
22980,Extrovert
21640,Introvert
23393,Extrovert
20985,Introvert
18615,Introvert
24174,Extrovert
23358,Extrovert
24693,Extrovert
19279,Extrovert
21218,Extrovert
23785,Extrovert
22261,Extrovert
21257,Extrovert
20303,Extrovert
18831,Introvert
20894,Extrovert
19034,Extrovert
22553,Introvert
21297,Extrovert
23629,Extrovert
22579,Extrovert
19912,Extrovert
23149,Extrovert
22539,Introvert
20143,Introvert
23004,Extrovert
19155,Introvert
19429,Introvert
24418,Extrovert
19693,Introvert
21616,Extrovert
23551,Extrovert
21922,Extrovert
22701,Introvert
22476,Introvert
22288,Extrovert
23489,Extrovert
24578,Extrovert
20243,Extrovert
22958,Extrovert
19298,Introvert
22318,Extrovert
22618,Introvert
18835,Introvert
23455,Extrovert
21782,Extrovert
20127,Introvert
18847,Extrovert
19812,Extrovert
24497,Introvert
24324,Extrovert
20596,Extrovert
19915,Extrovert
20189,Extrovert
22808,Extrovert
22548,Extrovert
24386,Introvert
20586,Extrovert
21695,Extrovert
23515,Extrovert
21146,Extrovert
22610,Extrovert
24643,Extrovert
23062,Introvert
19475,Introvert
23457,Introvert
24526,Extrovert
21014,Extrovert
20598,Extrovert
18567,Introvert
18982,Introvert
23994,Extrovert
23880,Extrovert
20834,Extrovert
19077,Extrovert
18761,Extrovert
24361,Extrovert
19314,Extrovert
19497,Extrovert
23230,Extrovert
21097,Introvert
19813,Extrovert
19637,Extrovert
23236,Extrovert
20788,Extrovert
21561,Introvert
24151,Extrovert
23069,Extrovert
21060,Introvert
24021,Extrovert
23545,Extrovert
21196,Extrovert
21181,Introvert
19027,Extrovert
22228,Introvert
19252,Extrovert
19358,Introvert
21663,Introvert
19184,Introvert
20166,Extrovert
24325,Extrovert
22173,Introvert
22278,Introvert
20234,Extrovert
21590,Extrovert
20612,Extrovert
21703,Introvert
21410,Extrovert
23705,Extrovert
24367,Extrovert
23689,Extrovert
21577,Extrovert
19547,Extrovert
19052,Extrovert
22933,Extrovert
19921,Extrovert
22990,Extrovert
21916,Extrovert
23352,Introvert
23366,Extrovert
20097,Extrovert
19447,Extrovert
21992,Extrovert
23974,Introvert
22108,Extrovert
20379,Extrovert
23875,Extrovert
19586,Introvert
22075,Introvert
20777,Introvert
19253,Extrovert
22321,Introvert
20790,Introvert
22987,Introvert
23550,Extrovert
19244,Introvert
23619,Introvert
23152,Extrovert
22889,Extrovert
21973,Extrovert
21209,Extrovert
24638,Extrovert
20974,Extrovert
21262,Extrovert
21275,Extrovert
24268,Extrovert
21839,Introvert
19826,Introvert
22377,Extrovert
21475,Extrovert
21649,Extrovert
23449,Extrovert
20249,Introvert
23807,Introvert
20552,Extrovert
24636,Extrovert
24103,Extrovert
21478,Introvert
23333,Extrovert
24442,Extrovert
22576,Extrovert
23024,Extrovert
23401,Extrovert
20474,Extrovert
21733,Extrovert
18885,Introvert
23933,Extrovert
19605,Extrovert
23300,Introvert
19470,Extrovert
22021,Extrovert
22937,Extrovert
22128,Introvert
24572,Introvert
19301,Extrovert
20462,Extrovert
18953,Introvert
20247,Extrovert
20536,Extrovert
24222,Introvert
21075,Extrovert
22429,Extrovert
23939,Extrovert
21384,Extrovert
19337,Extrovert
20547,Extrovert
23353,Extrovert
21600,Extrovert
23589,Introvert
23654,Introvert
22831,Extrovert
20994,Introvert
23499,Introvert
20632,Extrovert
19408,Extrovert
20206,Extrovert
24048,Introvert
20642,Extrovert
23396,Extrovert
18604,Extrovert
20614,Extrovert
21270,Extrovert
20687,Introvert
23493,Introvert
19528,Extrovert
21345,Introvert
19485,Extrovert
21854,Introvert
19142,Introvert
19589,Extrovert
23264,Extrovert
23297,Extrovert
19051,Introvert
22038,Extrovert
23473,Extrovert
21787,Introvert
24585,Introvert
19391,Extrovert
23688,Introvert
23568,Introvert
18786,Extrovert
21652,Extrovert
23998,Introvert
23677,Introvert
24163,Introvert
20557,Extrovert
22874,Extrovert
22930,Introvert
23523,Extrovert
18967,Extrovert
23665,Extrovert
24434,Extrovert
22045,Extrovert
24083,Extrovert
22184,Extrovert
22473,Extrovert
21299,Introvert
18555,Extrovert
18570,Extrovert
18801,Introvert
21058,Introvert
24290,Introvert
22928,Introvert
18674,Extrovert
22011,Extrovert
20534,Extrovert
23977,Introvert
23622,Extrovert
20771,Extrovert
19546,Introvert
18676,Extrovert
24200,Extrovert
22407,Introvert
22300,Extrovert
23567,Extrovert
24543,Extrovert
21660,Extrovert
19343,Extrovert
22713,Introvert
21389,Introvert
23655,Introvert
19192,Extrovert
22744,Introvert
19136,Extrovert
20140,Extrovert
20192,Extrovert
19598,Introvert
23292,Introvert
20016,Introvert
23332,Extrovert
20139,Introvert
23418,Extrovert
21233,Extrovert
22222,Extrovert
18742,Extrovert
21646,Extrovert
23635,Extrovert
22681,Extrovert
23771,Extrovert
22134,Extrovert
20278,Extrovert
23938,Extrovert
19439,Introvert
21970,Extrovert
20395,Extrovert
20375,Extrovert
21514,Extrovert
23877,Introvert
23928,Extrovert
20102,Extrovert
24449,Extrovert
23290,Extrovert
23905,Extrovert
23936,Extrovert
24358,Introvert
20133,Extrovert
21374,Extrovert
19814,Extrovert
20454,Extrovert
20387,Introvert
19755,Extrovert
23999,Extrovert
21049,Extrovert
19945,Introvert
20428,Extrovert
22841,Extrovert
19521,Extrovert
19944,Introvert
23267,Extrovert
19821,Extrovert
20288,Introvert
24469,Extrovert
20660,Introvert
21098,Extrovert
20747,Extrovert
23052,Extrovert
20506,Extrovert
22882,Introvert
19276,Extrovert
19156,Extrovert
23296,Introvert
19258,Extrovert
20709,Extrovert
20701,Introvert
23647,Extrovert
22109,Extrovert
19708,Extrovert
19918,Extrovert
24446,Extrovert
22111,Extrovert
19711,Introvert
22729,Extrovert
22860,Extrovert
21496,Extrovert
21607,Extrovert
18592,Extrovert
19416,Extrovert
24343,Extrovert
20258,Extrovert
18804,Introvert
19349,Extrovert
24081,Introvert
24014,Extrovert
21074,Extrovert
24492,Extrovert
20400,Extrovert
24427,Extrovert
20607,Extrovert
20276,Extrovert
20450,Introvert
23246,Extrovert
20915,Extrovert
21279,Introvert
23565,Extrovert
23151,Extrovert
21606,Extrovert
23360,Introvert
22332,Introvert
23272,Extrovert
19663,Introvert
19645,Introvert
18794,Extrovert
23549,Extrovert
19827,Extrovert
19529,Introvert
20738,Extrovert
18838,Extrovert
24581,Extrovert
20862,Extrovert
24525,Introvert
23813,Introvert
20087,Introvert
19307,Introvert
24437,Extrovert
20374,Extrovert
20984,Introvert
19132,Extrovert
22911,Introvert
22568,Extrovert
18596,Extrovert
23715,Introvert
20675,Extrovert
20444,Introvert
20763,Extrovert
20608,Extrovert
20072,Introvert
22050,Introvert
22826,Introvert
20821,Extrovert
23238,Introvert
24231,Introvert
18928,Introvert
21161,Introvert
20177,Extrovert
22411,Extrovert
23659,Extrovert
19383,Introvert
19479,Introvert
24223,Extrovert
21327,Extrovert
20078,Extrovert
20152,Introvert
21430,Extrovert
19411,Introvert
21801,Extrovert
24175,Introvert
18796,Extrovert
18586,Extrovert
19562,Extrovert
24524,Extrovert
20076,Extrovert
18535,Extrovert
24157,Introvert
23144,Extrovert
23196,Extrovert
23954,Introvert
23033,Extrovert
20412,Extrovert
24388,Introvert
22112,Introvert
22006,Extrovert
18941,Introvert
21737,Introvert
18654,Introvert
21794,Introvert
22781,Extrovert
21195,Extrovert
23703,Introvert
20579,Introvert
22119,Extrovert
23203,Extrovert
21636,Introvert
20068,Introvert
24040,Introvert
20578,Extrovert
19323,Extrovert
21061,Extrovert
23712,Introvert
20248,Extrovert
24311,Extrovert
20289,Introvert
20350,Extrovert
21028,Extrovert
23843,Introvert
22890,Extrovert
19575,Extrovert
21981,Extrovert
22655,Introvert
22330,Extrovert
21094,Introvert
24536,Introvert
22904,Introvert
18695,Extrovert
22041,Extrovert
20540,Extrovert
20527,Extrovert
23361,Extrovert
18584,Extrovert
23486,Extrovert
21642,Extrovert
20927,Extrovert
22419,Introvert
18703,Extrovert
23791,Extrovert
22596,Extrovert
20800,Introvert
18988,Extrovert
19733,Extrovert
19041,Extrovert
21512,Introvert
23420,Extrovert
19700,Extrovert
19510,Extrovert
23410,Introvert
19789,Extrovert
21135,Introvert
24496,Introvert
22301,Extrovert
23139,Extrovert
19247,Extrovert
18649,Introvert
19535,Extrovert
19044,Extrovert
24004,Extrovert
24552,Introvert
24078,Extrovert
21393,Extrovert
22931,Introvert
19286,Extrovert
21858,Extrovert
22547,Extrovert
20366,Introvert
20917,Introvert
21637,Extrovert
24161,Extrovert
19166,Extrovert
19754,Extrovert
18588,Extrovert
24284,Extrovert
24098,Introvert
20483,Introvert
23534,Extrovert
21385,Extrovert
23282,Extrovert
18857,Introvert
24269,Introvert
19962,Extrovert
19423,Extrovert
20027,Extrovert
22557,Extrovert
21444,Extrovert
21623,Extrovert
24593,Introvert
23273,Introvert
20052,Extrovert
24036,Extrovert
21746,Extrovert
18693,Introvert
24153,Extrovert
23327,Extrovert
20973,Introvert
22879,Extrovert
20939,Extrovert
22691,Extrovert
19880,Extrovert
21754,Extrovert
22299,Extrovert
21155,Introvert
23542,Introvert
18858,Extrovert
19310,Extrovert
23869,Extrovert
20631,Introvert
22907,Introvert
22513,Introvert
23525,Introvert
18528,Introvert
18893,Extrovert
20487,Introvert
20356,Extrovert
19199,Introvert
21579,Extrovert
23979,Extrovert
24061,Extrovert
21184,Introvert
19154,Extrovert
22298,Introvert
22979,Extrovert
19473,Introvert
24262,Extrovert
22088,Extrovert
20172,Extrovert
18772,Extrovert
24407,Extrovert
18793,Extrovert
18672,Introvert
21293,Extrovert
22600,Extrovert
20999,Introvert
19212,Extrovert
18556,Introvert
20644,Extrovert
19763,Extrovert
20904,Extrovert
19864,Introvert
22994,Extrovert
24158,Extrovert
21941,Introvert
20742,Introvert
19860,Introvert
18750,Extrovert
18602,Extrovert
24374,Extrovert
24065,Extrovert
21603,Extrovert
21774,Extrovert
23610,Extrovert
23678,Extrovert
22453,Extrovert
19557,Extrovert
19203,Extrovert
22462,Introvert
22570,Introvert
23975,Extrovert
21465,Introvert
22058,Extrovert
20345,Extrovert
22259,Introvert
19696,Extrovert
21031,Introvert
20064,Introvert
21046,Extrovert
21164,Extrovert
19889,Extrovert
20605,Extrovert
21116,Introvert
21729,Extrovert
21883,Extrovert
20069,Introvert
24001,Extrovert
18992,Extrovert
23693,Introvert
22371,Extrovert
21491,Extrovert
19852,Extrovert
21035,Introvert
20663,Extrovert
18871,Extrovert
18726,Extrovert
19853,Introvert
23400,Extrovert
20236,Extrovert
18911,Introvert
22901,Extrovert
22714,Introvert
19028,Extrovert
23083,Extrovert
20329,Extrovert
24042,Extrovert
22819,Introvert
18613,Introvert
22441,Extrovert
24162,Extrovert
20312,Extrovert
18624,Introvert
18696,Introvert
21689,Extrovert
19357,Introvert
20533,Extrovert
19017,Introvert
21138,Extrovert
21667,Introvert
23533,Extrovert
24314,Extrovert
19527,Extrovert
20480,Extrovert
19152,Extrovert
22595,Extrovert
18802,Extrovert
23174,Extrovert
18547,Introvert
23252,Extrovert
22103,Extrovert
23081,Extrovert
23347,Extrovert
24215,Extrovert
21914,Extrovert
23040,Extrovert
18550,Extrovert
23915,Extrovert
20239,Extrovert
24060,Extrovert
19681,Extrovert
19996,Extrovert
20793,Introvert
22049,Extrovert
23943,Extrovert
21811,Extrovert
18993,Introvert
24264,Extrovert
20938,Extrovert
19368,Introvert
19138,Extrovert
19086,Extrovert
19304,Extrovert
21238,Introvert
19631,Extrovert
22998,Extrovert
24212,Extrovert
22689,Introvert
23602,Extrovert
23584,Extrovert
18650,Extrovert
21704,Extrovert
23010,Introvert
23041,Extrovert
19139,Extrovert
19989,Extrovert
19046,Extrovert
19869,Introvert
22040,Extrovert
22799,Extrovert
23884,Introvert
23470,Introvert
18629,Extrovert
22899,Extrovert
21531,Extrovert
20323,Extrovert
21743,Extrovert
22877,Extrovert
22459,Extrovert
23114,Extrovert
20497,Extrovert
23742,Extrovert
22257,Extrovert
23702,Extrovert
22098,Introvert
21694,Extrovert
20867,Extrovert
20851,Extrovert
21266,Introvert
22839,Introvert
19940,Extrovert
22533,Extrovert
22697,Introvert
21979,Extrovert
22926,Extrovert
20613,Introvert
18681,Introvert
20849,Introvert
23172,Introvert
22013,Introvert
24202,Extrovert
21791,Extrovert
22684,Extrovert
21123,Introvert
23769,Extrovert
23232,Extrovert
19991,Extrovert
20279,Introvert
21930,Introvert
21101,Extrovert
21277,Extrovert
20681,Extrovert
24055,Introvert
23976,Extrovert
19891,Extrovert
20500,Extrovert
23101,Introvert
20086,Extrovert
22783,Extrovert
21742,Extrovert
18671,Extrovert
20103,Introvert
19321,Extrovert
19988,Introvert
18923,Introvert
23034,Extrovert
21381,Extrovert
19294,Extrovert
24397,Extrovert
21322,Introvert
23126,Introvert
20281,Extrovert
20433,Extrovert
24034,Extrovert
22401,Extrovert
20770,Extrovert
21759,Extrovert
22755,Extrovert
18918,Extrovert
23995,Extrovert
20427,Extrovert
23816,Extrovert
22688,Extrovert
20658,Extrovert
20995,Introvert
20036,Introvert
22554,Extrovert
21594,Extrovert
23863,Extrovert
21030,Introvert
22472,Extrovert
21890,Extrovert
19133,Introvert
22603,Extrovert
21177,Extrovert
22382,Extrovert
21131,Extrovert
20284,Extrovert
23036,Extrovert
21050,Extrovert
22369,Extrovert
24071,Introvert
19957,Extrovert
22661,Extrovert
22427,Extrovert
21466,Extrovert
24277,Introvert
22993,Extrovert
23766,Extrovert
19261,Extrovert
20604,Extrovert
18664,Extrovert
21900,Extrovert
19072,Introvert
20727,Introvert
21321,Extrovert
23575,Introvert
24332,Introvert
23774,Extrovert
22440,Introvert
24477,Extrovert
20652,Introvert
21885,Introvert
22190,Extrovert
21215,Extrovert
23803,Extrovert
18990,Extrovert
19760,Introvert
20266,Extrovert
21790,Extrovert
19193,Introvert
19661,Introvert
22333,Extrovert
23388,Extrovert
23478,Extrovert
19336,Extrovert
21440,Extrovert
19173,Introvert
19640,Extrovert
23310,Extrovert
18541,Extrovert
18939,Introvert
20446,Extrovert
24110,Introvert
19263,Extrovert
24041,Extrovert
19465,Extrovert
19735,Extrovert
20571,Extrovert
20804,Extrovert
23544,Extrovert
18752,Extrovert
21453,Extrovert
21288,Extrovert
19970,Extrovert
20470,Introvert
20868,Introvert
23425,Extrovert
22165,Introvert
22341,Extrovert
22913,Extrovert
20712,Extrovert
19765,Extrovert
24584,Extrovert
21910,Introvert
18530,Extrovert
21958,Extrovert
21716,Introvert
22331,Introvert
22696,Extrovert
19969,Extrovert
23512,Introvert
24651,Introvert
20335,Extrovert
23621,Introvert
21450,Introvert
19430,Extrovert
19574,Extrovert
23794,Extrovert
24338,Extrovert
18989,Extrovert
20899,Extrovert
18994,Extrovert
19434,Introvert
24610,Introvert
21908,Extrovert
20210,Extrovert
19165,Extrovert
24481,Introvert
24111,Extrovert
22840,Extrovert
18651,Extrovert
22346,Extrovert
20610,Extrovert
24387,Introvert
20733,Extrovert
22599,Extrovert
24506,Extrovert
20572,Extrovert
19049,Introvert
22275,Extrovert
20039,Extrovert
20302,Extrovert
20117,Introvert
19275,Introvert
24548,Introvert
20486,Extrovert
19468,Extrovert
20990,Extrovert
22854,Extrovert
22565,Extrovert
19065,Extrovert
18731,Extrovert
23546,Extrovert
22150,Extrovert
22404,Extrovert
18883,Introvert
20268,Extrovert
22572,Extrovert
24366,Introvert
18880,Extrovert
18764,Extrovert
22367,Introvert
21488,Extrovert
22337,Extrovert
19126,Extrovert
18749,Extrovert
23732,Extrovert
23343,Extrovert
20344,Extrovert
21550,Extrovert
18800,Extrovert
21765,Extrovert
21668,Introvert
20175,Extrovert
21413,Extrovert
21826,Extrovert
24038,Extrovert
20162,Extrovert
19094,Extrovert
21448,Extrovert
23122,Extrovert
23331,Extrovert
23169,Extrovert
21170,Introvert
18781,Extrovert
24657,Extrovert
20209,Extrovert
21592,Extrovert
24031,Introvert
23922,Extrovert
20684,Extrovert
20805,Extrovert
20602,Introvert
24346,Extrovert
18984,Introvert
19024,Extrovert
22631,Extrovert
18952,Introvert
24582,Introvert
21956,Extrovert
20430,Introvert
19888,Extrovert
24019,Extrovert
22063,Extrovert
20424,Extrovert
21939,Extrovert
20440,Extrovert
21808,Extrovert
18964,Extrovert
23295,Extrovert
23889,Introvert
22085,Extrovert
22197,Extrovert
20855,Introvert
22503,Extrovert
23109,Extrovert
24673,Extrovert
22796,Introvert
23818,Introvert
23728,Extrovert
19168,Extrovert
21247,Introvert
24306,Extrovert
23164,Extrovert
18965,Extrovert
22999,Extrovert
21154,Extrovert
22060,Extrovert
23934,Introvert
19779,Introvert
20711,Extrovert
19014,Extrovert
21635,Extrovert
22643,Extrovert
22827,Extrovert
21878,Extrovert
19842,Extrovert
21348,Extrovert
21533,Extrovert
23608,Extrovert
22878,Extrovert
18735,Extrovert
22265,Extrovert
22624,Extrovert
24342,Extrovert
19725,Introvert
22495,Extrovert
20271,Extrovert
22526,Extrovert
19932,Introvert
23691,Introvert
19243,Extrovert
22469,Introvert
20609,Extrovert
19803,Extrovert
19896,Extrovert
23893,Extrovert
23965,Extrovert
19581,Extrovert
22774,Extrovert
19723,Extrovert
23532,Extrovert
23274,Extrovert
20332,Extrovert
20664,Introvert
20603,Extrovert
19067,Extrovert
21383,Extrovert
23468,Introvert
24533,Introvert
21952,Extrovert
19929,Introvert
24679,Extrovert
23784,Extrovert
22948,Extrovert
21509,Extrovert
19675,Extrovert
24225,Extrovert
22423,Extrovert
20673,Extrovert
18747,Introvert
24530,Introvert
20624,Extrovert
19229,Extrovert
21185,Extrovert
20334,Extrovert
21166,Introvert
20688,Extrovert
22644,Extrovert
19260,Extrovert
22403,Extrovert
18677,Extrovert
20803,Extrovert
23879,Extrovert
20382,Extrovert
24665,Extrovert
22460,Extrovert
22642,Extrovert
19820,Extrovert
23017,Extrovert
23206,Extrovert
24512,Extrovert
23480,Extrovert
23650,Extrovert
20077,Extrovert
23881,Extrovert
18706,Extrovert
22920,Extrovert
20150,Extrovert
19060,Extrovert
19098,Introvert
22866,Introvert
23553,Extrovert
21315,Extrovert
23019,Introvert
22976,Extrovert
19933,Extrovert
21417,Introvert
20633,Extrovert
20196,Extrovert
19772,Extrovert
19239,Extrovert
20173,Extrovert
24632,Extrovert
19036,Extrovert
20499,Extrovert
20775,Extrovert
22581,Extrovert
24274,Extrovert
18573,Extrovert
23526,Extrovert
19457,Extrovert
24002,Extrovert
24470,Extrovert
24205,Extrovert
22804,Extrovert
24304,Extrovert
22386,Extrovert
24106,Introvert
24683,Extrovert
24178,Extrovert
21115,Extrovert
21205,Extrovert
22671,Extrovert
22454,Introvert
20615,Extrovert
24639,Extrovert
21599,Introvert
24371,Extrovert
23195,Introvert
22130,Introvert
24291,Extrovert
18881,Extrovert
18898,Extrovert
19121,Extrovert
24625,Introvert
23209,Extrovert
20093,Introvert
23061,Introvert
21096,Extrovert
21738,Extrovert
22415,Extrovert
23235,Extrovert
22585,Introvert
19359,Extrovert
22053,Extrovert
18744,Extrovert
20437,Extrovert
19120,Introvert
24097,Extrovert
22919,Extrovert
21367,Extrovert
21573,Extrovert
21480,Introvert
20059,Introvert
23395,Extrovert
23053,Introvert
23378,Extrovert
19537,Extrovert
19331,Extrovert
21267,Extrovert
19011,Introvert
20042,Extrovert
24662,Extrovert
19682,Extrovert
24022,Introvert
22417,Extrovert
24597,Extrovert
22478,Introvert
22101,Extrovert
20627,Extrovert
24653,Extrovert
24218,Introvert
18711,Introvert
20731,Extrovert
23530,Extrovert
20813,Introvert
21346,Introvert
20592,Extrovert
20952,Extrovert
23852,Extrovert
18971,Introvert
22054,Extrovert
22152,Extrovert
19819,Extrovert
22066,Extrovert
18683,Extrovert
24620,Extrovert
23245,Introvert
24073,Introvert
23156,Extrovert
22308,Introvert
22652,Extrovert
24630,Extrovert
23826,Extrovert
24086,Introvert
20237,Extrovert
24483,Extrovert
18913,Extrovert
19687,Extrovert
19899,Extrovert
22203,Extrovert
21411,Extrovert
22632,Extrovert
24056,Extrovert
24309,Introvert
21797,Introvert
24109,Extrovert
22262,Extrovert
18904,Introvert
21775,Extrovert
18895,Extrovert
22129,Extrovert
23029,Extrovert
19997,Introvert
19450,Introvert
21564,Introvert
22319,Introvert
23345,Extrovert
22140,Introvert
20360,Extrovert
20238,Extrovert
20786,Extrovert
19713,Introvert
24300,Introvert
19125,Extrovert
19502,Introvert
19076,Extrovert
21339,Extrovert
22148,Introvert
23141,Introvert
19460,Extrovert
22234,Introvert
22885,Introvert
20883,Extrovert
20029,Extrovert
24457,Introvert
18725,Introvert
19042,Introvert
23193,Extrovert
19140,Extrovert
21120,Extrovert
20070,Extrovert
23214,Introvert
22821,Extrovert
19272,Introvert
19297,Extrovert
22185,Extrovert
18817,Extrovert
19931,Extrovert
22540,Introvert
19344,Extrovert
23488,Extrovert
23855,Extrovert
23364,Extrovert
24487,Extrovert
23495,Extrovert
21237,Extrovert
23502,Introvert
24011,Extrovert
22922,Extrovert
20465,Introvert
19089,Introvert
18545,Introvert
21306,Extrovert
21804,Extrovert
19587,Extrovert
21723,Extrovert
23644,Introvert
20748,Introvert
24523,Extrovert
20918,Extrovert
20147,Introvert
19561,Extrovert
21318,Extrovert
18614,Extrovert
21788,Extrovert
20165,Extrovert
23243,Extrovert
22365,Extrovert
18867,Extrovert
19568,Introvert
20842,Introvert
22649,Extrovert
19110,Extrovert
23651,Extrovert
20406,Extrovert
20969,Extrovert
23942,Extrovert
19373,Extrovert
18714,Extrovert
23787,Extrovert
20224,Introvert
21576,Extrovert
20405,Extrovert
19572,Extrovert
24128,Extrovert
23743,Introvert
21458,Introvert
24007,Extrovert
22349,Introvert
23805,Extrovert
22628,Introvert
21300,Extrovert
22870,Extrovert
19345,Extrovert
24006,Extrovert
19662,Introvert
22891,Introvert
21644,Extrovert
19167,Extrovert
19226,Extrovert
22518,Extrovert
24452,Extrovert
22748,Introvert
22929,Extrovert
19395,Extrovert
24547,Introvert
20021,Extrovert
20180,Extrovert
23197,Introvert
21108,Extrovert
22725,Extrovert
24431,Introvert
24323,Extrovert
21522,Extrovert
23002,Extrovert
21698,Introvert
21641,Extrovert
19939,Introvert
20201,Extrovert
22426,Extrovert
23265,Extrovert
21183,Extrovert
23646,Extrovert
22046,Extrovert
20573,Introvert
24454,Extrovert
20749,Extrovert
22389,Introvert
21442,Extrovert
23901,Extrovert
24150,Extrovert
23671,Introvert
23293,Extrovert
21705,Extrovert
24254,Introvert
23215,Extrovert
22359,Introvert
22750,Extrovert
23074,Extrovert
22292,Introvert
22947,Extrovert
18564,Introvert
24204,Extrovert
22249,Extrovert
20590,Extrovert
19245,Extrovert
21145,Extrovert
19235,Extrovert
19118,Extrovert
21365,Extrovert
23735,Extrovert
23045,Extrovert
22138,Introvert
21241,Extrovert
23562,Extrovert
21666,Extrovert
19414,Extrovert
20989,Extrovert
22960,Introvert
20695,Introvert
21429,Introvert
21776,Introvert
19232,Extrovert
23452,Extrovert
23120,Extrovert
20959,Extrovert
19627,Extrovert
21516,Extrovert
23110,Introvert
23518,Introvert
23724,Extrovert
23138,Extrovert
22959,Extrovert
22549,Introvert
20840,Extrovert
24126,Extrovert
22897,Introvert
19283,Extrovert
22795,Extrovert
18607,Extrovert
21485,Extrovert
21437,Extrovert
19548,Extrovert
20272,Introvert
19974,Extrovert
19221,Extrovert
19372,Introvert
21612,Extrovert
23161,Introvert
23759,Extrovert
24129,Introvert
18900,Extrovert
23752,Extrovert
24072,Extrovert
22323,Introvert
21912,Extrovert
21377,Extrovert
22835,Extrovert
19818,Extrovert
22525,Introvert
24003,Extrovert
21150,Introvert
21818,Extrovert
21656,Extrovert
21520,Introvert
22760,Extrovert
22191,Extrovert
19222,Extrovert
23996,Introvert
18805,Introvert
24439,Extrovert
21284,Introvert
23726,Extrovert
21467,Extrovert
19825,Extrovert
22206,Introvert
24416,Extrovert
24558,Extrovert
21068,Introvert
19186,Extrovert
23384,Extrovert
20240,Introvert
23387,Introvert
19732,Introvert
19975,Extrovert
19003,Introvert
19951,Extrovert
20795,Extrovert
18999,Introvert
20513,Extrovert
20769,Introvert
24602,Extrovert
24125,Extrovert
19038,Introvert
18611,Introvert
20925,Introvert
21664,Extrovert
20494,Extrovert
24283,Extrovert
23280,Extrovert
23912,Introvert
24087,Extrovert
20006,Extrovert
19207,Introvert
23212,Extrovert
20792,Extrovert
22917,Extrovert
21139,Introvert
20481,Extrovert
21884,Extrovert
18875,Extrovert
21789,Extrovert
20764,Extrovert
21964,Extrovert
23590,Extrovert
20634,Extrovert
22315,Introvert
18633,Introvert
23709,Extrovert
23657,Extrovert
24299,Introvert
20737,Extrovert
24278,Introvert
20616,Introvert
19721,Extrovert
20561,Extrovert
22676,Extrovert
19808,Extrovert
20214,Introvert
22227,Extrovert
23476,Extrovert
22047,Extrovert
19764,Introvert
22008,Extrovert
20267,Introvert
21245,Introvert
21313,Extrovert
21785,Introvert
20135,Introvert
22207,Extrovert
23841,Introvert
19354,Extrovert
23454,Extrovert
21408,Extrovert
20445,Extrovert
22556,Introvert
19599,Extrovert
18577,Extrovert
24211,Extrovert
22757,Introvert
21654,Extrovert
22586,Extrovert
22352,Extrovert
22611,Extrovert
23321,Extrovert
24116,Extrovert
20026,Extrovert
23461,Extrovert
21022,Introvert
23087,Extrovert
22523,Introvert
21850,Extrovert
19786,Introvert
20367,Extrovert
18568,Extrovert
24249,Extrovert
24570,Extrovert
20889,Extrovert
21093,Extrovert
21732,Extrovert
18637,Introvert
24123,Extrovert
20919,Extrovert
22100,Extrovert
21405,Extrovert
20621,Extrovert
23298,Extrovert
20721,Introvert
24586,Extrovert
20953,Extrovert
18663,Introvert
19871,Extrovert
23723,Extrovert
22962,Extrovert
19646,Introvert
18662,Extrovert
20067,Introvert
24624,Introvert
19887,Extrovert
23391,Extrovert
24171,Extrovert
21710,Introvert
23326,Extrovert
20846,Extrovert
20964,Extrovert
21076,Extrovert
22903,Extrovert
21171,Extrovert
20942,Extrovert
21449,Extrovert
21574,Extrovert
19353,Extrovert
19542,Extrovert
23762,Extrovert
22162,Extrovert
20816,Introvert
22706,Extrovert
24436,Introvert
19834,Extrovert
20874,Extrovert
21350,Extrovert
18816,Introvert
20865,Extrovert
20199,Extrovert
20997,Extrovert
20924,Introvert
22131,Extrovert
19488,Extrovert
20963,Extrovert
22497,Extrovert
20970,Introvert
21887,Extrovert
19422,Introvert
21190,Extrovert
20105,Extrovert
23376,Extrovert
22430,Extrovert
22074,Extrovert
23708,Introvert
21933,Extrovert
18634,Extrovert
23953,Extrovert
22487,Extrovert
18823,Extrovert
22425,Extrovert
22574,Extrovert
24596,Extrovert
19131,Extrovert
20837,Introvert
21942,Extrovert
24563,Extrovert
18956,Introvert
19219,Extrovert
21268,Introvert
19757,Extrovert
20317,Extrovert
20327,Extrovert
22550,Extrovert
23929,Extrovert
23458,Extrovert
23165,Introvert
20449,Introvert
20161,Extrovert
22737,Extrovert
22089,Extrovert
24378,Extrovert
19894,Extrovert
23566,Extrovert
20498,Introvert
23867,Introvert
22400,Extrovert
21679,Extrovert
21239,Extrovert
20926,Extrovert
19930,Extrovert
20441,Extrovert
20962,Introvert
22418,Extrovert
22621,Extrovert
19141,Extrovert
24195,Extrovert
18870,Extrovert
21023,Extrovert
20493,Extrovert
19617,Extrovert
20781,Extrovert
24451,Extrovert
22946,Introvert
24024,Introvert
20888,Extrovert
20565,Extrovert
19004,Extrovert
23834,Extrovert
20696,Extrovert
23375,Extrovert
23278,Extrovert
21845,Extrovert
23154,Extrovert
20691,Extrovert
19333,Extrovert
19495,Extrovert
19577,Extrovert
21136,Introvert
21751,Extrovert
21888,Extrovert
18748,Extrovert
22884,Extrovert
23522,Extrovert
21151,Extrovert
24551,Extrovert
20526,Introvert
20347,Extrovert
19536,Extrovert
23761,Extrovert
19709,Extrovert
18579,Extrovert
20060,Extrovert
21720,Extrovert
18659,Extrovert
20697,Extrovert
23754,Extrovert
23305,Introvert
21371,Introvert
19149,Extrovert
19129,Extrovert
20121,Extrovert
23365,Extrovert
22909,Extrovert
19469,Introvert
20404,Extrovert
21786,Extrovert
19767,Extrovert
20439,Extrovert
22609,Extrovert
24383,Extrovert
20232,Introvert
22033,Extrovert
22072,Extrovert
20341,Extrovert
24401,Extrovert
20262,Extrovert
20666,Extrovert
23306,Extrovert
22029,Extrovert
20225,Extrovert
21369,Extrovert
20311,Introvert
24238,Extrovert
20132,Extrovert
21572,Extrovert
22619,Extrovert
22230,Extrovert
20202,Extrovert
23751,Extrovert
22510,Extrovert
19817,Extrovert
19248,Extrovert
22069,Extrovert
18660,Introvert
24564,Introvert
24511,Extrovert
19016,Extrovert
19174,Extrovert
19392,Extrovert
22097,Extrovert
20922,Introvert
24519,Extrovert
20100,Extrovert
21881,Introvert
24152,Extrovert
19644,Extrovert
21366,Introvert
23681,Extrovert
20330,Extrovert
21905,Extrovert
24684,Extrovert
18766,Introvert
21527,Extrovert
20901,Extrovert
19520,Extrovert
23369,Extrovert
20263,Extrovert
19319,Extrovert
23179,Introvert
22932,Extrovert
24505,Extrovert
19264,Extrovert
22483,Extrovert
19073,Extrovert
18919,Introvert
22623,Introvert
19691,Introvert
24148,Extrovert
24235,Introvert
19748,Extrovert
22905,Extrovert
19428,Introvert
23311,Extrovert
21207,Extrovert
18581,Extrovert
19895,Extrovert
23250,Extrovert
19234,Extrovert
22674,Extrovert
22792,Extrovert
24237,Extrovert
18572,Extrovert
24395,Introvert
20847,Extrovert
20600,Extrovert
19302,Extrovert
21957,Extrovert
22071,Extrovert
24179,Introvert
20013,Extrovert
19375,Extrovert
20054,Introvert
20343,Extrovert
24498,Introvert
23112,Extrovert
20752,Introvert
23221,Extrovert
21459,Extrovert
19013,Extrovert
19716,Extrovert
18861,Extrovert
21893,Extrovert
24258,Extrovert
20680,Extrovert
22801,Extrovert
21004,Extrovert
18987,Extrovert
20808,Extrovert
24613,Extrovert
22582,Extrovert
22079,Extrovert
20351,Extrovert
23414,Introvert
19317,Extrovert
21357,Extrovert
21421,Introvert
19636,Introvert
22036,Extrovert
18859,Extrovert
20950,Extrovert
21628,Extrovert
22709,Extrovert
24345,Introvert
23453,Extrovert
23201,Extrovert
20910,Extrovert
20307,Extrovert
21373,Extrovert
22546,Extrovert
19653,Extrovert
23909,Extrovert
18832,Extrovert
24435,Extrovert
21832,Extrovert
23658,Extrovert
20338,Extrovert
20158,Introvert
22719,Extrovert
19500,Extrovert
24682,Extrovert
18689,Extrovert
22136,Extrovert
24583,Extrovert
19471,Introvert
24076,Extrovert
22535,Extrovert
24330,Introvert
18642,Extrovert
21110,Extrovert
24316,Extrovert
23147,Introvert
23676,Extrovert
21260,Extrovert
19267,Extrovert
18580,Extrovert
19694,Extrovert
24349,Extrovert
22754,Extrovert
19722,Extrovert
22777,Extrovert
21857,Extrovert
22450,Extrovert
19585,Extrovert
21342,Extrovert
20649,Extrovert
23148,Extrovert
19954,Extrovert
21929,Extrovert
21931,Extrovert
21474,Introvert
20601,Extrovert
21316,Extrovert
20377,Extrovert
22178,Extrovert
21529,Introvert
19839,Extrovert
22412,Extrovert
19338,Extrovert
19838,Introvert
23620,Extrovert
19543,Extrovert
22353,Extrovert
18762,Extrovert
23167,Extrovert
21563,Extrovert
24559,Extrovert
19621,Extrovert
20197,Extrovert
19172,Extrovert
23314,Introvert
24119,Introvert
24390,Extrovert
19463,Extrovert
19176,Introvert
22253,Extrovert
24513,Extrovert
21436,Extrovert
19503,Introvert
20010,Extrovert
23924,Extrovert
22501,Extrovert
19095,Extrovert
24039,Extrovert
22730,Introvert
20421,Introvert
18630,Extrovert
19322,Extrovert
18720,Introvert
19538,Extrovert
19875,Introvert
22851,Introvert
24248,Extrovert
24590,Extrovert
19960,Introvert
23920,Introvert
23981,Extrovert
22577,Extrovert
21363,Extrovert
21132,Extrovert
20287,Introvert
24292,Extrovert
19815,Extrovert
21400,Extrovert
21307,Extrovert
24535,Introvert
20830,Extrovert
22716,Extrovert
19971,Extrovert
20190,Introvert
21526,Extrovert
22830,Extrovert
23438,Introvert
23910,Extrovert
22465,Extrovert
18746,Introvert
18682,Extrovert
20504,Introvert
22180,Extrovert
22005,Extrovert
20299,Extrovert
18670,Introvert
23822,Extrovert
21570,Extrovert
24107,Extrovert
23027,Introvert
22562,Extrovert
22248,Extrovert
18891,Extrovert
24184,Extrovert
22475,Extrovert
19992,Extrovert
23845,Extrovert
23254,Extrovert
21727,Introvert
23237,Extrovert
23374,Extrovert
21477,Extrovert
20584,Extrovert
22820,Extrovert
22396,Introvert
22529,Extrovert
22833,Introvert
18811,Extrovert
24051,Introvert
22015,Extrovert
20524,Introvert
23099,Extrovert
24413,Extrovert
18932,Introvert
21330,Introvert
21927,Extrovert
22395,Introvert
21344,Extrovert
22037,Extrovert
19669,Extrovert
22158,Extrovert
19061,Extrovert
23817,Extrovert
23848,Extrovert
23448,Extrovert
20646,Extrovert
18889,Extrovert
24507,Introvert
19770,Extrovert
21795,Extrovert
18644,Extrovert
19866,Extrovert
22142,Extrovert
21971,Introvert
20954,Extrovert
22214,Extrovert
24628,Extrovert
18669,Extrovert
24589,Extrovert
20167,Extrovert
23540,Extrovert
24207,Extrovert
21674,Extrovert
20639,Extrovert
24458,Extrovert
23057,Extrovert
23322,Extrovert
21380,Extrovert
23859,Introvert
24571,Extrovert
21117,Extrovert
22573,Extrovert
23824,Extrovert
22734,Extrovert
19348,Extrovert
23991,Extrovert
21706,Extrovert
23129,Extrovert
21671,Extrovert
20589,Extrovert
20693,Extrovert
23443,Extrovert
22223,Extrovert
22594,Extrovert
21235,Extrovert
19240,Introvert
21505,Extrovert
19489,Extrovert
22863,Extrovert
23825,Extrovert
20916,Introvert
20546,Introvert
19135,Introvert
18622,Extrovert
20887,Extrovert
20931,Extrovert
22852,Introvert
18533,Introvert
21379,Extrovert
20339,Introvert
19706,Extrovert
21604,Extrovert
19844,Extrovert
19367,Extrovert
21197,Extrovert
19740,Extrovert
23012,Extrovert
20877,Extrovert
24541,Extrovert
24695,Introvert
18608,Extrovert
20129,Extrovert
19122,Introvert
19012,Extrovert
22219,Introvert
18712,Extrovert
19911,Extrovert
23593,Extrovert
19026,Extrovert
24136,Extrovert
21591,Extrovert
22921,Extrovert
18916,Extrovert
20215,Extrovert
22310,Extrovert
23153,Extrovert
22030,Introvert
23256,Extrovert
19630,Extrovert
23159,Introvert
23160,Extrovert
23398,Extrovert
24618,Extrovert
24476,Extrovert
21580,Introvert
21711,Introvert
19565,Extrovert
23720,Extrovert
20756,Extrovert
20718,Extrovert
23427,Extrovert
19532,Introvert
23462,Introvert
23277,Extrovert
24641,Extrovert
19578,Extrovert
23519,Extrovert
22875,Extrovert
21999,Introvert
20004,Introvert
23777,Extrovert
21070,Extrovert
23685,Extrovert
20228,Extrovert
19398,Introvert
19805,Extrovert
22378,Extrovert
21892,Extrovert
22035,Extrovert
20416,Extrovert
24521,Extrovert
24631,Extrovert
22995,Extrovert
20863,Introvert
19794,Extrovert
21015,Introvert
21329,Extrovert
22567,Extrovert
23046,Extrovert
23966,Extrovert
21617,Introvert
24281,Extrovert
22817,Extrovert
21552,Extrovert
20587,Introvert
20385,Extrovert
22633,Introvert
18879,Introvert
19801,Extrovert
23371,Extrovert
18824,Extrovert
21799,Extrovert
21432,Extrovert
24645,Introvert
20257,Extrovert
19456,Introvert
22322,Extrovert
20253,Extrovert
22293,Extrovert
24601,Extrovert
20415,Extrovert
22607,Extrovert
22925,Introvert
20993,Extrovert
22115,Extrovert
18960,Extrovert
23652,Extrovert
19458,Extrovert
22700,Extrovert
21596,Extrovert
24561,Introvert
23614,Extrovert
19285,Extrovert
23065,Extrovert
21622,Introvert
23506,Extrovert
23811,Extrovert
22018,Extrovert
23014,Extrovert
23385,Extrovert
23085,Extrovert
19270,Extrovert
22791,Extrovert
22295,Extrovert
19056,Extrovert
21722,Extrovert
20583,Introvert
22466,Extrovert
21682,Extrovert
22727,Extrovert
23340,Extrovert
18821,Extrovert
22442,Extrovert
18733,Extrovert
19846,Extrovert
19325,Extrovert
20884,Introvert
18716,Extrovert
19490,Extrovert
22240,Extrovert
21438,Extrovert
20841,Extrovert
23916,Extrovert
21724,Extrovert
20245,Extrovert
18827,Extrovert
20065,Extrovert
22282,Introvert
23494,Extrovert
23475,Extrovert
20636,Extrovert
22724,Extrovert
23399,Extrovert
19214,Extrovert
22437,Introvert
24101,Extrovert
18943,Introvert
21295,Introvert
23270,Introvert
23592,Extrovert
21665,Introvert
23009,Extrovert
22625,Extrovert
24404,Extrovert
22753,Extrovert
22964,Extrovert
23222,Extrovert
19689,Extrovert
21995,Introvert
19753,Extrovert
20913,Extrovert
23507,Extrovert
20357,Extrovert
19759,Extrovert
23913,Extrovert
23187,Extrovert
24266,Introvert
19268,Extrovert
19905,Extrovert
19567,Introvert
21837,Extrovert
19308,Extrovert
23695,Extrovert
20820,Extrovert
22749,Introvert
20333,Extrovert
21653,Extrovert
22708,Extrovert
20971,Introvert
19982,Extrovert
18915,Extrovert
21940,Extrovert
20373,Introvert
24108,Extrovert
18605,Extrovert
23721,Extrovert
21159,Extrovert
24494,Extrovert
21862,Extrovert
18544,Introvert
19738,Introvert
24373,Extrovert
22970,Extrovert
20588,Introvert
23561,Extrovert
24656,Extrovert
23930,Extrovert
20843,Introvert
19159,Extrovert
21688,Introvert
20148,Extrovert
20744,Extrovert
24188,Introvert
21331,Extrovert
21048,Extrovert
19927,Extrovert
23106,Extrovert
24566,Introvert
21555,Extrovert
22859,Extrovert
21157,Extrovert
24356,Extrovert
21193,Extrovert
20873,Extrovert
22052,Introvert
22886,Extrovert
20518,Extrovert
24426,Extrovert
20227,Extrovert
24360,Extrovert
20283,Extrovert
24546,Extrovert
19442,Extrovert
22950,Extrovert
18862,Extrovert
20496,Extrovert
18782,Extrovert
21032,Introvert
24429,Extrovert
19452,Extrovert
18970,Extrovert
20523,Extrovert
23599,Extrovert
23694,Introvert
23749,Extrovert
23866,Extrovert
23962,Extrovert
22832,Introvert
19923,Extrovert
22471,Extrovert
19063,Extrovert
21378,Introvert
21427,Introvert
19874,Introvert
23302,Extrovert
21861,Extrovert
20503,Extrovert
19925,Extrovert
20079,Extrovert
22179,Extrovert
19484,Extrovert
23183,Extrovert
22626,Extrovert
24063,Extrovert
22238,Extrovert
20154,Extrovert
24251,Extrovert
22982,Extrovert
20724,Introvert
22236,Introvert
19886,Introvert
21519,Extrovert
19075,Extrovert
24191,Extrovert
24062,Extrovert
24580,Extrovert
22923,Extrovert
24247,Introvert
23888,Extrovert
20134,Extrovert
20520,Extrovert
21278,Introvert
18698,Introvert
21140,Extrovert
19591,Extrovert
21816,Extrovert
19112,Introvert
23175,Extrovert
18882,Extrovert
22829,Extrovert
22712,Extrovert
20280,Extrovert
20703,Extrovert
23299,Introvert
21332,Extrovert
24165,Extrovert
19837,Extrovert
18722,Extrovert
20301,Extrovert
22530,Extrovert
23798,Extrovert
18958,Extrovert
19650,Extrovert
23015,Extrovert
22519,Extrovert
23150,Extrovert
19123,Extrovert
22480,Extrovert
23351,Extrovert
24297,Extrovert
20967,Extrovert
21735,Extrovert
19995,Extrovert
23198,Extrovert
23184,Extrovert
21583,Introvert
21969,Introvert
19115,Extrovert
18851,Extrovert
21587,Extrovert
18539,Extrovert
20155,Extrovert
21009,Extrovert
22736,Extrovert
24180,Introvert
20707,Introvert
23257,Extrovert
22090,Extrovert
24025,Extrovert
19412,Introvert
19106,Introvert
20833,Extrovert
21714,Extrovert
23426,Extrovert
19096,Introvert
22168,Extrovert
22942,Extrovert
19665,Extrovert
18938,Extrovert
18739,Extrovert
20623,Extrovert
18639,Extrovert
22678,Extrovert
18884,Extrovert
21147,Extrovert
24647,Extrovert
19057,Extrovert
22640,Extrovert
20458,Extrovert
18806,Extrovert
19189,Extrovert
19739,Extrovert
24588,Extrovert
24370,Introvert
19966,Extrovert
24499,Extrovert
20469,Introvert
22055,Extrovert
18609,Extrovert
19530,Introvert
22592,Introvert
20507,Introvert
23583,Extrovert
21634,Extrovert
20794,Extrovert
23178,Introvert
23108,Extrovert
23613,Extrovert
24633,Introvert
23558,Introvert
23505,Extrovert
23870,Introvert
18707,Introvert
20270,Extrovert
24341,Extrovert
18819,Extrovert
22183,Extrovert
21162,Introvert
18619,Extrovert
23037,Extrovert
21614,Extrovert
22845,Introvert
24671,Introvert
23007,Extrovert
24224,Extrovert
23137,Extrovert
22170,Extrovert
22939,Introvert
23768,Introvert
24104,Introvert
21780,Introvert
22612,Extrovert
19781,Extrovert
20554,Introvert
21169,Extrovert
23978,Extrovert
21847,Extrovert
22467,Extrovert
19606,Extrovert
20537,Extrovert
19515,Extrovert
21042,Extrovert
23997,Extrovert
21398,Introvert
22342,Extrovert
24295,Extrovert
20982,Extrovert
19029,Extrovert
21853,Extrovert
24141,Introvert
19309,Introvert
24447,Extrovert
19103,Extrovert
20388,Extrovert
20383,Extrovert
24183,Extrovert
22521,Extrovert
19752,Extrovert
19191,Extrovert
21066,Introvert
21767,Extrovert
21676,Extrovert
23903,Extrovert
18948,Extrovert
20656,Extrovert
19749,Extrovert
20635,Extrovert
20740,Extrovert
22433,Extrovert
18828,Extrovert
19554,Extrovert
19506,Extrovert
20774,Extrovert
21812,Extrovert
18886,Extrovert
23591,Introvert
24675,Introvert
23370,Extrovert
18839,Extrovert
21335,Extrovert
20066,Extrovert
22017,Extrovert
18618,Extrovert
22605,Extrovert
24348,Introvert
19387,Introvert
19341,Extrovert
23286,Extrovert
23128,Extrovert
20900,Extrovert
19491,Extrovert
19961,Extrovert
22668,Introvert
19237,Extrovert
19584,Introvert
21773,Introvert
23259,Extrovert
22654,Introvert
23630,Extrovert
22934,Extrovert
20799,Extrovert
23091,Introvert
21813,Extrovert
21479,Extrovert
24242,Extrovert
19385,Introvert
20814,Extrovert
21980,Extrovert
19579,Introvert
23105,Extrovert
20906,Extrovert
21013,Extrovert
23716,Extrovert
21021,Extrovert
24219,Extrovert
23604,Extrovert
18830,Extrovert
22215,Extrovert
20195,Extrovert
20928,Introvert
22953,Extrovert
20426,Introvert
20630,Extrovert
23451,Extrovert
21221,Extrovert
20705,Introvert
24448,Extrovert
19406,Extrovert
21102,Extrovert
24273,Extrovert
21010,Extrovert
18680,Extrovert
23638,Extrovert
19673,Extrovert
22545,Extrovert
20384,Extrovert
18769,Introvert
23846,Introvert
19926,Extrovert
23227,Extrovert
24363,Extrovert
24113,Introvert
23481,Extrovert
24032,Extrovert
23134,Extrovert
21530,Extrovert
23390,Extrovert
22635,Extrovert
20960,Extrovert
18777,Introvert
19020,Extrovert
23276,Extrovert
20030,Extrovert
20207,Extrovert
21955,Extrovert
22255,Introvert
20178,Extrovert
19074,Extrovert
21553,Extrovert
22188,Extrovert
18603,Extrovert
24310,Extrovert
20489,Extrovert
21320,Extrovert
19766,Extrovert
20108,Extrovert
20058,Extrovert
22780,Extrovert
23092,Extrovert
22232,Extrovert
23226,Extrovert
23945,Extrovert
18818,Extrovert
22785,Extrovert
22906,Extrovert
18741,Extrovert
23524,Extrovert
24127,Extrovert
24239,Extrovert
24228,Extrovert
22094,Extrovert
23271,Extrovert
24241,Extrovert
19377,Extrovert
23048,Introvert
23964,Extrovert
24562,Extrovert
23430,Introvert
20386,Extrovert
24622,Extrovert
23301,Extrovert
19856,Introvert
24667,Extrovert
19327,Extrovert
23251,Extrovert
20082,Extrovert
19107,Extrovert
21281,Introvert
24568,Extrovert
18717,Extrovert
21304,Extrovert
24319,Extrovert
21718,Introvert
20947,Extrovert
20746,Extrovert
21500,Extrovert
20316,Extrovert
23514,Extrovert
22260,Extrovert
23984,Introvert
21476,Extrovert
21456,Extrovert
20313,Extrovert
23171,Extrovert
21985,Extrovert
20859,Extrovert
24670,Extrovert
23482,Extrovert
21556,Extrovert
24567,Extrovert
23168,Extrovert
24604,Extrovert
23217,Extrovert
19031,Extrovert
23020,Extrovert
19625,Extrovert
19000,Extrovert
24379,Extrovert
19674,Extrovert
24459,Extrovert
21323,Extrovert
22865,Introvert
20637,Extrovert
24286,Extrovert
20852,Extrovert
24197,Introvert
20979,Extrovert
23607,Extrovert
20968,Extrovert
22620,Extrovert
22289,Extrovert
20778,Extrovert
24614,Extrovert
22181,Extrovert
21088,Introvert
18585,Extrovert
19296,Extrovert
23354,Extrovert
19175,Extrovert
21129,Extrovert
23107,Introvert
23850,Extrovert
23864,Extrovert
24053,Extrovert
21507,Extrovert
19435,Extrovert
23373,Introvert
22479,Extrovert
23521,Extrovert
22093,Extrovert
21571,Extrovert
21978,Extrovert
21954,Extrovert
24462,Extrovert
24252,Introvert
20978,Extrovert
19804,Introvert
24149,Extrovert
21944,Extrovert
20576,Introvert
23158,Introvert
18865,Extrovert
22858,Extrovert
21559,Extrovert
23432,Extrovert
23624,Extrovert
20296,Extrovert
24307,Extrovert
24035,Extrovert
22242,Extrovert
22187,Introvert
20136,Extrovert
21471,Extrovert
22239,Extrovert
24412,Introvert
20759,Extrovert
21997,Introvert
20525,Introvert
22461,Extrovert
24164,Extrovert
24236,Extrovert
21943,Extrovert
19170,Introvert
19134,Extrovert
20825,Extrovert
23725,Extrovert
23021,Extrovert
20141,Introvert
20809,Extrovert
21672,Extrovert
23971,Extrovert
23873,Extrovert
22867,Extrovert
19576,Extrovert
21246,Extrovert
19941,Extrovert
22213,Extrovert
22910,Extrovert
19667,Extrovert
23397,Extrovert
20937,Extrovert
18560,Extrovert
19907,Extrovert
21921,Extrovert
19481,Extrovert
20460,Extrovert
21557,Extrovert
21391,Extrovert
19973,Extrovert
24240,Extrovert
22767,Extrovert
20758,Extrovert
21595,Extrovert
23713,Extrovert
22362,Extrovert
20467,Extrovert
21006,Introvert
19949,Extrovert
19183,Extrovert
24450,Extrovert
18798,Extrovert
23429,Extrovert
18910,Extrovert
22686,Extrovert
22746,Extrovert
19710,Extrovert
23949,Introvert
23431,Introvert
18866,Extrovert
21814,Introvert
21911,Extrovert
22283,Extrovert
20216,Extrovert
21211,Introvert
19334,Extrovert
22846,Extrovert
21469,Extrovert
23337,Extrovert
22762,Extrovert
22151,Extrovert
20698,Extrovert
23508,Extrovert
23269,Extrovert
20226,Extrovert
20113,Extrovert
19670,Extrovert
23028,Extrovert
20567,Extrovert
20176,Extrovert
21425,Extrovert
21240,Extrovert
20539,Extrovert
23204,Extrovert
19507,Introvert
24615,Introvert
22019,Extrovert
21255,Extrovert
19405,Introvert
21414,Extrovert
22000,Extrovert
21998,Extrovert
23335,Extrovert
22569,Introvert
21518,Introvert
20832,Extrovert
23914,Extrovert
21758,Extrovert
19611,Extrovert
22274,Extrovert
20753,Extrovert
23747,Extrovert
23527,Extrovert
22935,Extrovert
22084,Extrovert
24594,Extrovert
19493,Extrovert
19913,Extrovert
24289,Extrovert
20619,Extrovert
18718,Introvert
19635,Extrovert
23498,Extrovert
18710,Extrovert
23140,Extrovert
22862,Extrovert
24417,Extrovert
18600,Extrovert
23392,Extrovert
19533,Extrovert
18809,Extrovert
23539,Extrovert
21532,Extrovert
20200,Extrovert
21446,Extrovert
18569,Introvert
24302,Introvert
23185,Extrovert
20682,Extrovert
22402,Extrovert
19656,Extrovert
21328,Extrovert
20340,Extrovert
21924,Extrovert
20468,Extrovert
21685,Extrovert
23973,Extrovert
21302,Extrovert
22174,Extrovert
23403,Extrovert
23838,Extrovert
22099,Extrovert
24545,Extrovert
21000,Extrovert
21175,Extrovert
22918,Introvert
24678,Introvert
19563,Introvert
22023,Extrovert
19761,Extrovert
24352,Extrovert
20570,Extrovert
23919,Extrovert
19448,Extrovert
20818,Introvert
20219,Extrovert
20791,Extrovert
20802,Extrovert
19780,Introvert
19629,Introvert
19498,Extrovert
20246,Extrovert
22280,Extrovert
22542,Extrovert
22813,Introvert
22977,Introvert
19750,Extrovert
22244,Extrovert
22834,Introvert
18950,Extrovert
23031,Extrovert
19756,Extrovert
22020,Extrovert
22001,Extrovert
21554,Extrovert
24482,Extrovert
19504,Extrovert
19595,Extrovert
23926,Extrovert
21615,Introvert
22026,Extrovert
21039,Extrovert
19986,Introvert
21249,Introvert
22500,Extrovert
22358,Extrovert
22335,Extrovert
24064,Introvert
22372,Introvert
21879,Extrovert
21236,Extrovert
23783,Extrovert
19436,Extrovert
22200,Extrovert
24144,Extrovert
22414,Extrovert
22704,Extrovert
18914,Extrovert
18768,Extrovert
22064,Extrovert
19550,Extrovert
19553,Extrovert
24402,Extrovert
19850,Extrovert
21976,Extrovert
20116,Extrovert
20081,Extrovert
19604,Extrovert
23189,Extrovert
22309,Extrovert
18679,Extrovert
20801,Extrovert
20256,Extrovert
23382,Extrovert
21303,Extrovert
21662,Extrovert
23633,Extrovert
18998,Introvert
24350,Extrovert
22591,Extrovert
24544,Extrovert
20651,Extrovert
19659,Introvert
21626,Extrovert
19040,Extrovert
18628,Introvert
19008,Extrovert
20156,Extrovert
21504,Extrovert
22981,Extrovert
23674,Extrovert
19776,Extrovert
19865,Extrovert
19194,Extrovert
20976,Extrovert
23103,Extrovert
21426,Extrovert
21717,Extrovert
20464,Introvert
20310,Extrovert
20593,Extrovert
23459,Extrovert
21029,Extrovert
21040,Extrovert
24084,Extrovert
22824,Extrovert
19425,Extrovert
23990,Introvert
22850,Introvert
23680,Extrovert
20365,Extrovert
19652,Extrovert
21994,Extrovert
19963,Extrovert
21502,Extrovert
23116,Extrovert
23279,Extrovert
22893,Extrovert
19904,Extrovert
18892,Extrovert
21310,Extrovert
22273,Extrovert
20328,Extrovert
18814,Extrovert
19942,Extrovert
22164,Extrovert
24096,Extrovert
18593,Extrovert
20398,Extrovert
19313,Extrovert
19256,Extrovert
20699,Introvert
20911,Extrovert
20683,Extrovert
21033,Extrovert
18638,Extrovert
23234,Extrovert
19671,Extrovert
22558,Extrovert
21309,Extrovert
19726,Extrovert
19153,Extrovert
19205,Extrovert
18996,Extrovert
24680,Extrovert
23697,Introvert
20880,Extrovert
21244,Extrovert
19324,Extrovert
19288,Extrovert
19164,Extrovert
18863,Extrovert
22883,Extrovert
18760,Extrovert
24209,Extrovert
23406,Extrovert
19916,Extrovert
23072,Extrovert
22506,Extrovert
18561,Extrovert
24259,Extrovert
20975,Extrovert
23572,Introvert
23435,Extrovert
22070,Extrovert
20810,Extrovert
19936,Introvert
21547,Extrovert
23268,Extrovert
22996,Extrovert
19937,Extrovert
19976,Extrovert
20041,Extrovert
21822,Extrovert
19070,Extrovert
24510,Extrovert
22608,Extrovert
23823,Extrovert
24029,Extrovert
22102,Introvert
19379,Extrovert
20034,Extrovert
23064,Extrovert
22156,Introvert
21838,Extrovert
19829,Extrovert
22790,Extrovert
22452,Extrovert
23782,Extrovert
18991,Extrovert
19393,Introvert
19792,Extrovert
19090,Extrovert
18636,Introvert
21105,Extrovert
24600,Extrovert
22083,Extrovert
23883,Extrovert
21326,Extrovert
21001,Extrovert
19399,Extrovert
21091,Extrovert
19208,Extrovert
23055,Extrovert
18594,Introvert
23968,Introvert
24531,Extrovert
23054,Extrovert
23199,Extrovert
21003,Introvert
21798,Extrovert
22276,Extrovert
23409,Extrovert
18632,Extrovert
20491,Extrovert
18854,Extrovert
19033,Extrovert
24276,Extrovert
20423,Extrovert
22667,Extrovert
21891,Introvert
20028,Extrovert
24456,Introvert
22149,Extrovert
21618,Extrovert
24099,Extrovert
22902,Introvert
21699,Introvert
22202,Extrovert
23918,Introvert
22171,Extrovert
18557,Extrovert
20903,Extrovert
19437,Extrovert
21609,Introvert
22314,Extrovert
21896,Extrovert
19783,Introvert
19196,Extrovert
24066,Extrovert
19909,Extrovert
18963,Introvert
19332,Extrovert
21823,Extrovert
21208,Extrovert
23763,Extrovert
23615,Introvert
22961,Introvert
23202,Extrovert
22357,Extrovert
19300,Extrovert
21909,Extrovert
23063,Extrovert
22420,Extrovert
20674,Extrovert
23690,Extrovert
22374,Introvert
19080,Extrovert
24465,Extrovert
21953,Introvert
23205,Introvert
23408,Extrovert
20522,Extrovert
20448,Extrovert
22056,Extrovert
21099,Extrovert
22721,Extrovert
20074,Extrovert
23030,Extrovert
23661,Extrovert
21107,Extrovert
19676,Extrovert
22139,Extrovert
23224,Introvert
20560,Introvert
20569,Extrovert
20212,Extrovert
22705,Extrovert
23228,Extrovert
19010,Extrovert
20187,Extrovert
21620,Extrovert
19451,Extrovert
20463,Introvert
18627,Extrovert
23474,Extrovert
21079,Extrovert
24515,Extrovert
18704,Extrovert
21700,Introvert
19858,Extrovert
24393,Introvert
20088,Extrovert
19198,Extrovert
18976,Extrovert
24089,Extrovert
20002,Extrovert
22329,Extrovert
21133,Extrovert
20704,Extrovert
18668,Extrovert
19035,Extrovert
19081,Extrovert
22855,Extrovert
20221,Extrovert
19857,Introvert
22811,Extrovert
24321,Extrovert
23815,Extrovert
21734,Extrovert
22752,Introvert
20773,Extrovert
22793,Extrovert
19600,Extrovert
18578,Extrovert
23287,Extrovert
19371,Introvert
19840,Extrovert
24085,Extrovert
21741,Extrovert
18753,Extrovert
18843,Extrovert
19376,Introvert
23860,Extrovert
24538,Extrovert
18601,Extrovert
18966,Introvert
22894,Extrovert
22251,Extrovert
24199,Extrovert
20114,Extrovert
22307,Extrovert
19810,Extrovert
18688,Introvert
21834,Extrovert
19018,Extrovert
20392,Extrovert
23779,Extrovert
20986,Introvert
24424,Extrovert
23089,Extrovert
22336,Extrovert
23379,Extrovert
22975,Extrovert
21753,Extrovert
19806,Extrovert
19305,Extrovert
19655,Extrovert
20040,Extrovert
23587,Introvert
21961,Extrovert
21783,Extrovert
19202,Extrovert
21454,Extrovert
20822,Extrovert
21392,Introvert
23911,Introvert
24556,Extrovert
24329,Extrovert
19374,Extrovert
18980,Extrovert
18820,Extrovert
21301,Extrovert
20700,Extrovert
20188,Extrovert
23748,Extrovert
23520,Extrovert
24333,Extrovert
24075,Extrovert
19402,Extrovert
21945,Introvert
20510,Extrovert
21296,Extrovert
22986,Extrovert
19822,Extrovert
23571,Extrovert
20710,Introvert
22118,Extrovert
18959,Extrovert
19861,Extrovert
24648,Extrovert
20063,Extrovert
19440,Extrovert
20174,Extrovert
20930,Extrovert
21756,Introvert
23831,Introvert
20163,Extrovert
19743,Extrovert
18734,Introvert
23682,Introvert
23744,Extrovert
21568,Extrovert
21341,Extrovert
21949,Extrovert
20304,Extrovert
24635,Extrovert
23445,Extrovert
22243,Introvert
22338,Extrovert
22007,Extrovert
18903,Extrovert
19204,Extrovert
23100,Extrovert
22517,Extrovert
22324,Extrovert
22210,Introvert
22818,Extrovert
23288,Extrovert
23906,Extrovert
19952,Extrovert
19901,Extrovert
21855,Introvert
20275,Extrovert
22844,Extrovert
22194,Extrovert
23289,Extrovert
20254,Extrovert
20315,Extrovert
22710,Extrovert
24605,Extrovert
21473,Extrovert
18623,Introvert
20181,Extrovert
20477,Introvert
21582,Introvert
18690,Extrovert
21951,Extrovert
21025,Extrovert
21866,Introvert
20716,Extrovert
18699,Introvert
21779,Extrovert
20378,Introvert
23632,Extrovert
20007,Extrovert
19614,Extrovert
19403,Extrovert
24517,Extrovert
23513,Introvert
23241,Extrovert
23663,Extrovert
19519,Introvert
22810,Extrovert
19350,Extrovert
22514,Extrovert
18554,Extrovert
23032,Extrovert
21047,Extrovert
22538,Extrovert
20451,Extrovert
21631,Introvert
22034,Extrovert
19720,Extrovert
23318,Extrovert
22003,Extrovert
18563,Extrovert
24130,Extrovert
21206,Introvert
22871,Extrovert
18846,Extrovert
19187,Extrovert
21508,Extrovert
20762,Extrovert
21974,Extrovert
20229,Extrovert
20183,Extrovert
19596,Introvert
19737,Extrovert
22732,Extrovert
23755,Extrovert
22363,Extrovert
24026,Extrovert
20645,Extrovert
21472,Extrovert
21090,Extrovert
24694,Extrovert
19633,Extrovert
22784,Extrovert
22843,Extrovert
20185,Introvert
24406,Extrovert
21168,Introvert
23684,Extrovert
20024,Extrovert
20921,Extrovert
18715,Extrovert
24480,Extrovert
18836,Extrovert
19084,Extrovert
22198,Extrovert
22971,Introvert
21894,Extrovert
24444,Extrovert
22125,Extrovert
19241,Extrovert
24275,Extrovert
19127,Extrovert
22167,Extrovert
24690,Extrovert
19666,Extrovert
18686,Extrovert
19552,Extrovert
24253,Extrovert
19938,Extrovert
18797,Extrovert
19431,Extrovert
19045,Extrovert
18730,Extrovert
20785,Extrovert
21880,Extrovert
22895,Extrovert
24691,Extrovert
19340,Extrovert
21619,Extrovert
20471,Extrovert
22024,Extrovert
20482,Extrovert
21067,Extrovert
22966,Extrovert
23808,Extrovert
24246,Extrovert
21750,Extrovert
19382,Extrovert
21464,Introvert
19388,Extrovert
23847,Extrovert
21130,Extrovert
20606,Extrovert
22266,Extrovert
19782,Introvert
22898,Extrovert
19265,Extrovert
24082,Extrovert
19762,Introvert
22963,Introvert
20750,Extrovert
20420,Extrovert
21494,Extrovert
22927,Introvert
19455,Extrovert
20359,Extrovert
19513,Introvert
19280,Extrovert
22828,Extrovert
20980,Extrovert
21210,Extrovert
23894,Extrovert
22551,Extrovert
23231,Extrovert
22812,Extrovert
19892,Extrovert
19476,Extrovert
21319,Introvert
19877,Introvert
23543,Extrovert
21621,Extrovert
21435,Extrovert
20160,Extrovert
21624,Introvert
23627,Extrovert
18920,Extrovert
22048,Introvert
23372,Extrovert
21230,Extrovert
22978,Extrovert
21192,Extrovert
20023,Extrovert
24327,Extrovert
21324,Extrovert
21935,Extrovert
23898,Introvert
20050,Extrovert
23143,Extrovert
24132,Introvert
18791,Extrovert
22638,Extrovert
24155,Extrovert
19151,Extrovert
20346,Extrovert
19845,Extrovert
20261,Extrovert
22159,Extrovert
23066,Extrovert
22527,Extrovert
23626,Extrovert
23952,Extrovert
20914,Extrovert
20106,Extrovert
24079,Extrovert
20319,Extrovert
23827,Extrovert
21560,Extrovert
18783,Extrovert
22969,Extrovert
21387,Extrovert
23746,Extrovert
20352,Extrovert
20940,Extrovert
18736,Extrovert
21917,Introvert
24245,Extrovert
23460,Extrovert
20946,Introvert
23447,Extrovert
20124,Extrovert
20936,Extrovert
19730,Extrovert
23058,Extrovert
22390,Extrovert
21670,Extrovert
21179,Extrovert
24529,Extrovert
19910,Introvert
22327,Extrovert
19751,Introvert
22747,Extrovert
21539,Extrovert
22044,Extrovert
23001,Extrovert
18986,Extrovert
24455,Introvert
24173,Extrovert
19692,Extrovert
21721,Extrovert
19487,Extrovert
21200,Introvert
21242,Extrovert
20305,Extrovert
23485,Extrovert
21972,Extrovert
23146,Extrovert
19508,Introvert
19566,Extrovert
19505,Extrovert
22470,Extrovert
23496,Extrovert
20885,Extrovert
21402,Extrovert
21291,Introvert
20364,Extrovert
21784,Extrovert
24514,Extrovert
22455,Extrovert
20780,Extrovert
24177,Extrovert
22107,Extrovert
20661,Extrovert
19262,Extrovert
24028,Introvert
19050,Extrovert
20269,Extrovert
24634,Extrovert
22763,Extrovert
20092,Introvert
24553,Extrovert
18780,Extrovert
19695,Extrovert
20115,Extrovert
20555,Extrovert
21409,Extrovert
22505,Extrovert
23442,Extrovert
22838,Extrovert
19015,Extrovert
23750,Extrovert
19182,Extrovert
21772,Extrovert
24050,Extrovert
20502,Extrovert
22002,Introvert
23049,Extrovert
24037,Extrovert
18687,Extrovert
22343,Extrovert
22067,Extrovert
19335,Extrovert
22246,Extrovert
19002,Extrovert
24405,Extrovert
23127,Introvert
18908,Introvert
21044,Extrovert
23739,Extrovert
20251,Extrovert
19364,Extrovert
23130,Extrovert
21216,Introvert
21650,Extrovert
22133,Extrovert
21353,Extrovert
19443,Extrovert
19415,Extrovert
23719,Extrovert
23421,Extrovert
21503,Extrovert
23776,Extrovert
23362,Extrovert
22561,Extrovert
19624,Extrovert
22208,Extrovert
21052,Extrovert
24471,Extrovert
20396,Extrovert
21686,Extrovert
19269,Extrovert
20035,Extrovert
23594,Extrovert
20670,Extrovert
23194,Extrovert
22312,Extrovert
23765,Extrovert
20850,Extrovert
23368,Extrovert
24579,Extrovert
23281,Introvert
22816,Extrovert
22217,Extrovert
19083,Extrovert
19025,Extrovert
20772,Extrovert
20089,Extrovert
23402,Extrovert
21280,Extrovert
18723,Extrovert
21683,Extrovert
18621,Extrovert
20581,Extrovert
23044,Extrovert
23764,Extrovert
22009,Extrovert
19190,Introvert
23067,Extrovert
22328,Extrovert
19355,Introvert
21859,Extrovert
21901,Introvert
20977,Extrovert
23357,Extrovert
23003,Extrovert
20320,Extrovert
22656,Extrovert
19868,Extrovert
22272,Extrovert
21525,Extrovert
18537,Extrovert
24658,Extrovert
18834,Extrovert
22715,Extrovert
23008,Extrovert
21441,Extrovert
23668,Introvert
19978,Introvert
23407,Extrovert
22141,Extrovert
19069,Extrovert
20895,Extrovert
24642,Extrovert
22983,Extrovert
19099,Extrovert
22650,Extrovert
23511,Extrovert
21872,Extrovert
20907,Extrovert
18842,Introvert
21225,Extrovert
21173,Introvert
22042,Extrovert
23868,Extrovert
22924,Extrovert
21744,Extrovert
23857,Introvert
20798,Extrovert
24263,Extrovert
18789,Extrovert
19701,Extrovert
23980,Extrovert
23733,Extrovert
19833,Extrovert
20369,Extrovert
21809,Extrovert
20836,Extrovert
20186,Extrovert
23639,Extrovert
19903,Extrovert
23849,Extrovert
19418,Extrovert
22091,Extrovert
21647,Extrovert
23229,Extrovert
18974,Extrovert
21276,Extrovert
24017,Extrovert
19831,Extrovert
23190,Extrovert
20726,Extrovert
22269,Extrovert
23573,Introvert
22431,Extrovert
20509,Extrovert
19914,Extrovert
24279,Extrovert
24234,Extrovert
18617,Extrovert
19494,Extrovert
24629,Introvert
20857,Extrovert
24020,Extrovert
18656,Extrovert
21962,Extrovert
20109,Extrovert
19609,Extrovert
23836,Extrovert
18942,Extrovert
22154,Extrovert
23510,Extrovert
23344,Extrovert
19361,Extrovert
21163,Extrovert
21611,Extrovert
24603,Extrovert
22226,Introvert
21903,Extrovert
23600,Extrovert
22398,Extrovert
21719,Extrovert
21338,Extrovert
19778,Extrovert
22984,Extrovert
21627,Extrovert
20845,Extrovert
21760,Introvert
21274,Extrovert
21675,Extrovert
24288,Extrovert
21250,Introvert
19137,Extrovert
22967,Extrovert
24069,Introvert
21725,Extrovert
24217,Extrovert
23737,Extrovert
22598,Extrovert
24501,Extrovert
23223,Extrovert
21766,Extrovert
19980,Extrovert
22657,Extrovert
22201,Extrovert
20966,Extrovert
21965,Extrovert
24532,Extrovert
23601,Extrovert
21844,Extrovert
23042,Extrovert
24315,Extrovert
19946,Introvert
20676,Extrovert
18525,Introvert
23216,Extrovert
18869,Extrovert
22815,Extrovert
19114,Extrovert
21967,Extrovert
24461,Extrovert
18784,Extrovert
21661,Extrovert
22952,Extrovert
21375,Extrovert
22421,Extrovert
19718,Extrovert
24190,Extrovert
20168,Extrovert
19573,Extrovert
20043,Extrovert
21697,Extrovert
23434,Extrovert
23667,Extrovert
21761,Extrovert
22509,Introvert
20722,Introvert
18894,Extrovert
18536,Introvert
24472,Introvert
22613,Extrovert
21127,Extrovert
19632,Extrovert
18647,Extrovert
20031,Extrovert
20418,Introvert
24182,Extrovert
19601,Extrovert
23479,Introvert
24495,Extrovert
22779,Extrovert
19855,Extrovert
20459,Extrovert
23023,Extrovert
23070,Extrovert
20779,Introvert
24105,Introvert
21902,Extrovert
21334,Extrovert
18844,Extrovert
22489,Extrovert
20595,Introvert
23444,Extrovert
22504,Extrovert
21203,Extrovert
22563,Extrovert
19807,Extrovert
22528,Extrovert
22381,Extrovert
23094,Extrovert
22602,Extrovert
24534,Extrovert
23383,Introvert
23111,Introvert
19784,Extrovert
21831,Extrovert
20128,Introvert
24650,Extrovert
22076,Extrovert
23016,Extrovert
20647,Extrovert
19145,Extrovert
18962,Extrovert
20891,Extrovert
23706,Extrovert
19796,Introvert
18855,Extrovert
20411,Extrovert
24644,Extrovert
21289,Extrovert
20521,Extrovert
22409,Extrovert
22842,Introvert
21419,Extrovert
18732,Extrovert
22680,Extrovert
19217,Extrovert
22766,Extrovert
23090,Extrovert
18788,Introvert
21439,Extrovert
19990,Extrovert
21846,Extrovert
24043,Extrovert
19967,Extrovert
20137,Extrovert
21095,Extrovert
22587,Extrovert
20628,Extrovert
19588,Extrovert
21333,Introvert
24156,Extrovert
22241,Extrovert
21877,Extrovert
22745,Extrovert
18947,Introvert
21165,Extrovert
21991,Extrovert
24609,Extrovert
22116,Extrovert
21863,Extrovert
24227,Extrovert
21261,Extrovert
21528,Extrovert
21545,Introvert
21523,Introvert
22566,Extrovert
19119,Introvert
19518,Extrovert
20679,Extrovert
23741,Introvert
21842,Extrovert
21536,Introvert
19651,Extrovert
21059,Extrovert
21639,Extrovert
22690,Extrovert
20362,Extrovert
22847,Extrovert
23341,Extrovert
18532,Extrovert
19684,Extrovert
21535,Extrovert
23025,Extrovert
23821,Extrovert
24364,Extrovert
23806,Extrovert
20419,Extrovert
19401,Extrovert
21231,Extrovert
23900,Extrovert
23285,Extrovert
21287,Extrovert
22601,Extrovert
19558,Introvert
23947,Extrovert
22192,Extrovert
21643,Extrovert
24616,Extrovert
23605,Introvert
23837,Introvert
23492,Extrovert
20741,Extrovert
20015,Introvert
19384,Extrovert
21394,Extrovert
21259,Extrovert
22303,Extrovert
24336,Extrovert
19525,Extrovert
24689,Extrovert
20929,Extrovert
20981,Extrovert
21026,Extrovert
24398,Extrovert
23463,Extrovert
20657,Extrovert
23887,Extrovert
21841,Introvert
18751,Extrovert
23355,Extrovert
22955,Extrovert
24500,Extrovert
21109,Extrovert
22016,Extrovert
19289,Introvert
24094,Extrovert
23839,Extrovert
23255,Extrovert
19758,Extrovert
19791,Extrovert
22137,Introvert
23051,Extrovert
19100,Extrovert
24229,Extrovert
22408,Extrovert
21781,Extrovert
23118,Introvert
22502,Extrovert
19230,Extrovert
24015,Extrovert
21633,Introvert
24282,Extrovert
20872,Introvert
22393,Extrovert
20223,Extrovert
20222,Extrovert
19171,Extrovert
20011,Introvert
22147,Extrovert
22145,Extrovert
18775,Extrovert
19590,Extrovert
21824,Extrovert
19117,Extrovert
19539,Extrovert
23490,Extrovert
21191,Extrovert
22872,Extrovert
23422,Extrovert
18873,Extrovert
21960,Extrovert
18562,Extrovert
19254,Extrovert
20544,Extrovert
19569,Introvert
23640,Extrovert
22354,Extrovert
18635,Extrovert
22166,Extrovert
21121,Extrovert
19459,Extrovert
20896,Extrovert
18935,Extrovert
24045,Extrovert
19220,Extrovert
21243,Extrovert
21092,Extrovert
20053,Extrovert
19728,Extrovert
19616,Extrovert
24396,Extrovert
23796,Extrovert
23284,Extrovert
19705,Extrovert
19800,Extrovert
23123,Extrovert
23528,Extrovert
23623,Extrovert
19741,Introvert
20022,Extrovert
22105,Introvert
20692,Extrovert
18877,Extrovert
23804,Extrovert
22157,Extrovert
21254,Extrovert
24663,Extrovert
24573,Extrovert
23960,Extrovert
23795,Extrovert
22703,Extrovert
22424,Extrovert
23433,Extrovert
21382,Extrovert
23835,Extrovert
19306,Extrovert
19062,Extrovert
21819,Extrovert
18899,Extrovert
18934,Extrovert
24414,Introvert
22853,Extrovert
20669,Extrovert
18795,Extrovert
19211,Extrovert
19799,Extrovert
24140,Extrovert
24145,Extrovert
19872,Extrovert
21228,Extrovert
19424,Extrovert
24067,Introvert
23983,Extrovert
22733,Extrovert
18853,Extrovert
24464,Extrovert
20890,Extrovert
19712,Extrovert
24210,Introvert
23736,Extrovert
21265,Extrovert
19870,Extrovert
24598,Extrovert
20218,Extrovert
22285,Introvert
23809,Extrovert
19059,Extrovert
23670,Extrovert
24555,Extrovert
21148,Extrovert
24549,Extrovert
22951,Extrovert
21886,Extrovert
22770,Introvert
21691,Extrovert
20987,Extrovert
19836,Extrovert
24362,Extrovert
24317,Extrovert
20577,Extrovert
24443,Extrovert
18940,Extrovert
22121,Introvert
18837,Extrovert
19851,Extrovert
19461,Extrovert
23810,Introvert
21963,Extrovert
23970,Extrovert
21793,Extrovert
21495,Introvert
21549,Extrovert
18773,Extrovert
18924,Extrovert
19690,Extrovert
22622,Extrovert
20545,Introvert
21490,Extrovert
24433,Extrovert
21828,Extrovert
21613,Extrovert
20735,Extrovert
22039,Extrovert
19714,Extrovert
19278,Extrovert
19209,Extrovert
19144,Extrovert
21055,Extrovert
18675,Extrovert
23897,Extrovert
23487,Extrovert
20094,Extrovert
18849,Extrovert
19347,Extrovert
19404,Extrovert
21601,Extrovert
18684,Extrovert
18529,Extrovert
20107,Introvert
23683,Extrovert
24189,Extrovert
19965,Extrovert
24440,Extrovert
24046,Extrovert
21011,Extrovert
24415,Extrovert
21118,Extrovert
24058,Extrovert
23319,Extrovert
22225,Introvert
22124,Extrovert
20104,Extrovert
19594,Extrovert
19943,Extrovert
22065,Introvert
21204,Extrovert
24280,Extrovert
24681,Extrovert
22512,Extrovert
19832,Extrovert
18548,Extrovert
18755,Introvert
19649,Extrovert
22761,Extrovert
20719,Extrovert
21085,Extrovert
19897,Extrovert
24301,Extrovert
18978,Extrovert
19486,Extrovert
19291,Introvert
19023,Extrovert
23441,Extrovert
19979,Extrovert
21141,Extrovert
19854,Extrovert
19195,Extrovert
20230,Extrovert
19082,Extrovert
24335,Extrovert
22022,Introvert
19227,Extrovert
19613,Extrovert
19648,Extrovert
20286,Extrovert
23730,Extrovert
18606,Extrovert
24411,Extrovert
21224,Extrovert
24256,Extrovert
24655,Extrovert
20125,Extrovert
19745,Extrovert
21544,Extrovert
19188,Extrovert
23079,Extrovert
23275,Extrovert
20475,Introvert
19320,Extrovert
19592,Extrovert
22290,Introvert
23653,Extrovert
23450,Extrovert
22176,Extrovert
23412,Extrovert
24093,Extrovert
24369,Extrovert
20996,Extrovert
24340,Extrovert
20123,Extrovert
18652,Extrovert
23588,Extrovert
22956,Extrovert
19618,Extrovert
21771,Extrovert
22648,Extrovert
22511,Extrovert
23320,Extrovert
21283,Extrovert
24305,Extrovert
21852,Extrovert
20838,Extrovert
18930,Extrovert
21126,Extrovert
19626,Extrovert
22738,Extrovert
23472,Extrovert
24385,Extrovert
24659,Extrovert
23927,Extrovert
20110,Extrovert
23315,Extrovert
22375,Extrovert
22096,Extrovert
19830,Extrovert
22499,Extrovert
21220,Extrovert
21871,Introvert
18694,Extrovert
18587,Extrovert
24328,Extrovert
22571,Extrovert
19623,Extrovert
21361,Extrovert
22256,Extrovert
22169,Extrovert
19501,Extrovert
23324,Extrovert
22360,Extrovert
19466,Extrovert
22938,Introvert
24194,Extrovert
20164,Extrovert
19641,Extrovert
20309,Extrovert
18549,Extrovert
24230,Extrovert
21412,Introvert
22311,Extrovert
22364,Extrovert
23509,Introvert
19556,Extrovert
21513,Extrovert
20618,Introvert
19369,Extrovert
24176,Introvert
23649,Extrovert
24466,Extrovert
23802,Introvert
24016,Extrovert
20991,Extrovert
22634,Introvert
19478,Extrovert
22385,Extrovert
21352,Extrovert
19824,Extrovert
23239,Extrovert
21487,Extrovert
18701,Introvert
20095,Extrovert
24221,Extrovert
19249,Extrovert
19643,Extrovert
23819,Extrovert
18901,Extrovert
23988,Extrovert
20819,Extrovert
21655,Extrovert
22702,Extrovert
22578,Extrovert
21317,Introvert
20354,Extrovert
24193,Extrovert
20655,Introvert
23208,Extrovert
18779,Extrovert
20391,Extrovert
19731,Introvert
21830,Extrovert
22361,Introvert
22080,Extrovert
22443,Extrovert
23483,Extrovert
21702,Extrovert
20012,Extrovert
22073,Extrovert
20014,Extrovert
23136,Extrovert
21351,Extrovert
20933,Extrovert
21899,Extrovert
20353,Extrovert
20574,Extrovert
22051,Extrovert
24250,Extrovert
23312,Extrovert
18852,Extrovert
20295,Extrovert
20853,Extrovert
20677,Extrovert
23093,Extrovert
21401,Extrovert
19427,Extrovert
21180,Extrovert
19516,Extrovert
23585,Extrovert
22837,Extrovert
23692,Extrovert
19955,Extrovert
24504,Introvert
20768,Extrovert
19580,Extrovert
22768,Extrovert
20951,Extrovert
23170,Extrovert
20945,Extrovert
21053,Extrovert
19397,Extrovert
18658,Extrovert
21167,Extrovert
21825,Extrovert
19400,Extrovert
22302,Extrovert
23951,Extrovert
19879,Introvert
20854,Extrovert
22531,Extrovert
24619,Extrovert
21730,Extrovert
18931,Extrovert
22279,Extrovert
20073,Extrovert
19769,Extrovert
19001,Extrovert
23417,Extrovert
21212,Extrovert
24080,Extrovert
21388,Extrovert
20314,Extrovert
20797,Extrovert
19295,Extrovert
21517,Extrovert
20564,Extrovert
21420,Extrovert
23466,Extrovert
21461,Extrovert
19216,Extrovert
20515,Extrovert
22536,Extrovert
20787,Extrovert
24320,Extrovert
22508,Extrovert
18968,Extrovert
24285,Extrovert
21687,Extrovert
22954,Introvert
19223,Extrovert
20171,Extrovert
21501,Extrovert
18825,Extrovert
19287,Introvert
23263,Extrovert
21222,Extrovert
20389,Extrovert
23729,Extrovert
21918,Extrovert
22593,Extrovert
20466,Extrovert
20861,Introvert
22636,Extrovert
19564,Extrovert
22692,Extrovert
23258,Extrovert
22451,Extrovert
23043,Extrovert
21027,Extrovert
21959,Extrovert
22534,Extrovert
23446,Extrovert
22515,Extrovert
19900,Extrovert
22297,Extrovert
19688,Extrovert
21368,Extrovert
23424,Introvert
23581,Extrovert
23248,Extrovert
22347,Extrovert
19699,Introvert
23800,Extrovert
21451,Extrovert
20417,Extrovert
21174,Extrovert
20005,Extrovert
24491,Extrovert
18527,Extrovert
23135,Extrovert
18575,Extrovert
19266,Introvert
19802,Extrovert
23131,Introvert
22807,Extrovert
19984,Extrovert
18807,Extrovert
18969,Extrovert
18590,Extrovert
24186,Extrovert
19582,Introvert
19698,Extrovert
22059,Extrovert
24617,Extrovert
22486,Extrovert
21443,Extrovert
20582,Extrovert
19346,Extrovert
23616,Extrovert
19785,Extrovert
19959,Introvert
23440,Extrovert
22474,Extrovert
23935,Extrovert
23166,Extrovert
23394,Introvert
20250,Extrovert
19950,Extrovert
22110,Extrovert
18534,Extrovert
23856,Introvert
18912,Extrovert
22944,Extrovert
23885,Extrovert
20961,Extrovert
21510,Extrovert
19200,Extrovert
24502,Extrovert
23517,Introvert
23436,Extrovert
18906,Introvert
20965,Extrovert
18700,Extrovert
22604,Extrovert
22229,Extrovert
18576,Extrovert
24124,Extrovert
23181,Extrovert
18860,Extrovert
21349,Extrovert
20955,Extrovert
22339,Extrovert
24372,Extrovert
18558,Extrovert
19160,Extrovert
21298,Extrovert
23853,Extrovert
18540,Extrovert
20130,Introvert
19366,Extrovert
24271,Extrovert
21548,Extrovert
23516,Extrovert
21081,Extrovert
24138,Extrovert
22615,Extrovert
23413,Extrovert
19161,Extrovert
24377,Extrovert
22666,Extrovert
23059,Extrovert
18759,Extrovert
22772,Extrovert
18705,Introvert
23095,Extrovert
18583,Extrovert
19964,Extrovert
23349,Extrovert
23882,Extrovert
19109,Extrovert
21078,Extrovert
18815,Extrovert
24100,Extrovert
20617,Extrovert
22464,Introvert
21542,Extrovert
23812,Extrovert
23793,Extrovert
22334,Extrovert
18897,Extrovert
22456,Extrovert
20457,Extrovert
20414,Extrovert
21452,Extrovert
18767,Extrovert
21926,Extrovert
21186,Extrovert
18905,Extrovert
24216,Extrovert
21065,Extrovert
20538,Extrovert
23941,Introvert
20734,Extrovert
23950,Extrovert
19092,Introvert
19993,Extrovert
20291,Extrovert
23985,Extrovert
18778,Extrovert
21982,Extrovert
21007,Extrovert
19862,Extrovert
24294,Extrovert
24270,Extrovert
23000,Extrovert
24201,Extrovert
19231,Extrovert
23303,Extrovert
18813,Extrovert
21119,Introvert
20542,Introvert
19178,Extrovert
23113,Extrovert
18776,Extrovert
21740,Extrovert
21897,Extrovert
20120,Introvert
20290,Extrovert
24059,Extrovert
22588,Extrovert
22484,Extrovert
22494,Extrovert
24091,Extrovert
20442,Extrovert
19433,Extrovert
19906,Extrovert
21820,Extrovert
22590,Extrovert
23501,Extrovert
22027,Introvert
23745,Extrovert
22345,Extrovert
22113,Extrovert
22492,Extrovert
22936,Extrovert
24233,Extrovert
24550,Introvert
24565,Extrovert
18840,Introvert
22659,Extrovert
19445,Extrovert
21538,Introvert
24654,Extrovert
21071,Extrovert
24467,Introvert
21506,Extrovert
21569,Extrovert
23641,Extrovert
21986,Extrovert
20505,Introvert
20372,Extrovert
22912,Extrovert
19116,Extrovert
24117,Extrovert
21546,Extrovert
21423,Extrovert
21898,Extrovert
24696,Extrovert
23556,Extrovert
19654,Extrovert
19053,Extrovert
22254,Extrovert
22160,Extrovert
20429,Introvert
23669,Extrovert
23068,Extrovert
18799,Introvert
24122,Extrovert
22477,Extrovert
22444,Extrovert
20817,Extrovert
22516,Extrovert
20368,Extrovert
23731,Extrovert
19143,Introvert
20410,Extrovert
21390,Extrovert
19213,Extrovert
21593,Introvert
24009,Extrovert
19908,Extrovert
22161,Extrovert
19441,Extrovert
19150,Extrovert
22304,Extrovert
23213,Extrovert
19225,Introvert
22445,Extrovert
21875,Extrovert
21836,Extrovert
23886,Extrovert
21805,Extrovert
20720,Extrovert
21925,Extrovert
22281,Extrovert
23617,Extrovert
23955,Extrovert
21678,Introvert
21521,Extrovert
19998,Extrovert
23096,Extrovert
22496,Extrovert
22888,Extrovert
22247,Extrovert
21111,Extrovert
24146,Extrovert
18896,Extrovert
23612,Extrovert
23535,Extrovert
23102,Extrovert
20597,Extrovert
19453,Extrovert
22250,Extrovert
22025,Extrovert
20575,Extrovert
22205,Extrovert
22493,Extrovert
24308,Extrovert
20198,Extrovert
21370,Extrovert
19544,Extrovert
19480,Extrovert
20811,Extrovert
22739,Extrovert
19318,Extrovert
22908,Extrovert
22742,Extrovert
21904,Extrovert
19677,Extrovert
20348,Introvert
18640,Extrovert
21087,Extrovert
20191,Extrovert
22797,Extrovert
24077,Extrovert
18961,Extrovert
19603,Extrovert
23339,Extrovert
22010,Extrovert
22789,Extrovert
21199,Extrovert
19657,Extrovert
20739,Extrovert
19660,Extrovert
19474,Extrovert
20044,Extrovert
21948,Extrovert
19197,Extrovert
21990,Extrovert
19048,Extrovert
22117,Extrovert
24606,Extrovert
24131,Extrovert
21534,Extrovert
19088,Extrovert
20626,Extrovert
23570,Extrovert
20336,Extrovert
20829,Extrovert
22555,Extrovert
23727,Extrovert
18826,Extrovert
23699,Extrovert
20062,Extrovert
23356,Introvert
24660,Extrovert
24044,Extrovert
20860,Extrovert
21745,Extrovert
21057,Extrovert
24518,Extrovert
21748,Extrovert
18574,Introvert
23577,Extrovert
22313,Extrovert
19678,Extrovert
24255,Extrovert
20972,Extrovert
22641,Extrovert
23609,Extrovert
22186,Extrovert
19282,Extrovert
19893,Extrovert
23686,Extrovert
19201,Extrovert
24134,Extrovert
19619,Extrovert
23757,Extrovert
21975,Extrovert
18933,Introvert
19091,Extrovert
19549,Extrovert
19734,Extrovert
20037,Extrovert
18955,Extrovert
22662,Extrovert
22823,Extrovert
20008,Extrovert
21399,Extrovert
22061,Extrovert
20265,Extrovert
23419,Extrovert
24463,Extrovert
23313,Extrovert
19775,Extrovert
24337,Extrovert
22825,Extrovert
20713,Extrovert
23611,Extrovert
20099,Extrovert
22552,Introvert
20179,Extrovert
19328,Extrovert
21354,Extrovert
20370,Extrovert
19958,Extrovert
18678,Extrovert
23088,Extrovert
19407,Extrovert
21194,Extrovert
19795,Extrovert
18743,Extrovert
24389,Extrovert
21558,Extrovert
21468,Extrovert
19093,Extrovert
19551,Extrovert
20455,Extrovert
21849,Extrovert
23132,Extrovert
21625,Extrovert
22209,Extrovert
24339,Extrovert
20892,Extrovert
22087,Extrovert
20452,Extrovert
21149,Extrovert
20665,Extrovert
22614,Extrovert
18922,Extrovert
23907,Extrovert
19492,Extrovert
18709,Extrovert
22616,Extrovert
23325,Extrovert
23503,Extrovert
24484,Extrovert
20298,Extrovert
21597,Extrovert
19255,Extrovert
21578,Extrovert
24355,Extrovert
20839,Extrovert
23908,Extrovert
22057,Extrovert
19987,Extrovert
23038,Extrovert
19884,Introvert
22387,Extrovert
19326,Extrovert
22520,Extrovert
21792,Extrovert
23603,Extrovert
20690,Introvert
24244,Extrovert
21680,Extrovert
23500,Extrovert
20242,Extrovert
23578,Extrovert
23467,Extrovert
19079,Extrovert
20553,Extrovert
19867,Extrovert
19526,Extrovert
19071,Extrovert
21271,Extrovert
23972,Extrovert
19956,Introvert
24698,Introvert
21492,Extrovert
23186,Extrovert
24102,Extrovert
22379,Extrovert
21292,Extrovert
19777,Extrovert
21524,Extrovert
21002,Extrovert
21264,Extrovert
23582,Extrovert
22092,Extrovert
23098,Extrovert
24347,Extrovert
18792,Extrovert
21677,Extrovert
20376,Extrovert
19977,Extrovert
19787,Introvert
21340,Extrovert
24423,Extrovert
24008,Extrovert
20211,Introvert
22264,Extrovert
21016,Extrovert
19047,Extrovert
18620,Extrovert
20260,Introvert
21082,Extrovert
20943,Extrovert
18808,Extrovert
21005,Extrovert
21152,Extrovert
23987,Extrovert
20438,Extrovert
20435,Extrovert
19330,Extrovert
18612,Extrovert
22949,Extrovert
23253,Extrovert
19683,Extrovert
23367,Extrovert
21713,Extrovert
22095,Extrovert
23772,Extrovert
20495,Extrovert
24147,Extrovert
22857,Extrovert
21632,Extrovert
19917,Extrovert
24608,Extrovert
21815,Extrovert
20019,Introvert
22231,Extrovert
24674,Extrovert
22104,Extrovert
18997,Extrovert
22271,Extrovert
20706,Extrovert
20516,Extrovert
19981,Extrovert
18655,Extrovert
20456,Extrovert
24474,Extrovert
21311,Introvert
20038,Extrovert
21397,Extrovert
19541,Extrovert
21988,Extrovert
21840,Extrovert
21063,Extrovert
21217,Introvert
21567,Extrovert
23956,Extrovert
18829,Extrovert
18727,Extrovert
22647,Extrovert
22163,Introvert
18983,Introvert
23797,Extrovert
21083,Extrovert
23380,Extrovert
20408,Extrovert
20580,Extrovert
23338,Extrovert
20620,Introvert
24473,Extrovert
21258,Extrovert
23579,Extrovert
20585,Extrovert
18868,Extrovert
20568,Extrovert
22658,Extrovert
24425,Extrovert
23537,Extrovert
21763,Extrovert
23932,Extrovert
21396,Extrovert
24243,Extrovert
24382,Extrovert
19290,Extrovert
24488,Extrovert
22127,Extrovert
20935,Extrovert
22220,Extrovert
20893,Extrovert
21493,Extrovert
22447,Introvert
20878,Extrovert
18756,Extrovert
24516,Extrovert
23013,Extrovert
21234,Introvert
24181,Extrovert
24652,Extrovert
19409,Extrovert
23554,Extrovert
19104,Extrovert
18524,Extrovert
22258,Extrovert
22221,Extrovert
24607,Extrovert
20142,Extrovert
19882,Extrovert
21372,Extrovert
23552,Introvert
19607,Extrovert
21114,Introvert
23828,Extrovert
21709,Extrovert
24384,Extrovert
22914,Introvert
19608,Extrovert
20944,Extrovert
21543,Extrovert
19602,Extrovert
24661,Extrovert
21219,Extrovert
22491,Extrovert
22651,Extrovert
23188,Extrovert
23308,Extrovert
22086,Extrovert
23790,Extrovert
24265,Extrovert
20535,Extrovert
24520,Extrovert
24419,Extrovert
24554,Extrovert
18856,Extrovert
22199,Extrovert
19517,Extrovert
21983,Extrovert
21739,Extrovert
20870,Extrovert
24353,Extrovert
19658,Extrovert
18691,Extrovert
24430,Extrovert
19902,Extrovert
24664,Extrovert
20331,Extrovert
22326,Extrovert
19534,Extrovert
18937,Extrovert
21054,Extrovert
23992,Extrovert
22081,Extrovert
20381,Extrovert
23789,Extrovert
24688,Extrovert
24591,Extrovert
24626,Extrovert
20032,Extrovert
22522,Extrovert
21100,Extrovert
22344,Extrovert
21202,Introvert
23717,Extrovert
20824,Extrovert
24687,Extrovert
22146,Extrovert
19524,Extrovert
22434,Extrovert
21355,Extrovert
24646,Extrovert
21589,Extrovert
19499,Extrovert
19446,Extrovert
22731,Extrovert
24296,Extrovert
20447,Extrovert
22132,Extrovert
21874,Extrovert
19715,Extrovert
20641,Extrovert
23073,Extrovert
23722,Extrovert
24167,Extrovert
20255,Extrovert
23176,Extrovert
21947,Extrovert
20300,Extrovert
22468,Extrovert
23386,Extrovert
19848,Extrovert
24000,Extrovert
21584,Extrovert
21336,Extrovert
21176,Extrovert
21395,Extrovert
19130,Extrovert
18559,Extrovert
21017,Extrovert
21701,Extrovert
20599,Introvert
20897,Extrovert
18713,Extrovert
21347,Extrovert
19311,Introvert
21182,Extrovert
18774,Extrovert
23317,Extrovert
19570,Extrovert
20407,Extrovert
21227,Extrovert
23576,Extrovert
19873,Extrovert
23173,Extrovert
20755,Extrovert
19233,Extrovert
19005,Extrovert
22126,Extrovert
24420,Extrovert
19610,Extrovert
24490,Extrovert
24159,Extrovert
23047,Extrovert
20815,Extrovert
18845,Introvert
19022,Extrovert
23261,Extrovert
24312,Extrovert
18598,Extrovert
23679,Extrovert
20956,Extrovert
19727,Extrovert
21038,Extrovert
22900,Extrovert
19702,Extrovert
24421,Introvert
20235,Extrovert
18737,Extrovert
22270,Extrovert
22945,Extrovert
23076,Extrovert
20532,Extrovert
24399,Extrovert
18785,Extrovert
24213,Extrovert
22726,Extrovert
20138,Extrovert
20259,Extrovert
19236,Extrovert
20461,Extrovert
21928,Extrovert
20643,Extrovert
21906,Extrovert
24441,Extrovert
19124,Extrovert
24627,Extrovert
23006,Extrovert
20638,Extrovert
18803,Extrovert
23381,Extrovert
20923,Extrovert
20828,Extrovert
24692,Extrovert
22394,Extrovert
21178,Extrovert
20122,Extrovert
22355,Extrovert
20233,Extrovert
23595,Extrovert
22637,Extrovert
19744,Extrovert
20241,Extrovert
24114,Extrovert
22439,Extrovert
21356,Extrovert
23648,Extrovert
22488,Extrovert
19078,Extrovert
22155,Extrovert
24697,Extrovert
21188,Extrovert
20294,Extrovert
24326,Extrovert
20184,Extrovert
19742,Extrovert
21860,Extrovert
23163,Extrovert
19413,Introvert
19432,Extrovert
20957,Extrovert
20543,Extrovert
20998,Introvert
24410,Extrovert
22675,Extrovert
22836,Extrovert
22707,Introvert
20324,Extrovert
22422,Extrovert
20101,Extrovert
19920,Extrovert
22350,Introvert
24637,Extrovert
21895,Extrovert
19679,Extrovert
18702,Extrovert
23011,Extrovert
19163,Extrovert
22294,Extrovert
18551,Extrovert
18841,Extrovert
19146,Extrovert
19162,Extrovert
18951,Extrovert
21483,Extrovert
21923,Introvert
19312,Extrovert
21690,Extrovert
21630,Extrovert
24057,Extrovert
23548,Introvert
21728,Extrovert
21934,Extrovert
22771,Extrovert
23957,Extrovert
23675,Extrovert
21829,Extrovert
22765,Extrovert
22677,Extrovert
19238,Extrovert
18610,Extrovert
20056,Extrovert
21376,Extrovert
22457,Extrovert
23944,Extrovert
19147,Extrovert
20292,Extrovert
19021,Extrovert
22267,Extrovert
21987,Extrovert
20745,Extrovert
18957,Introvert
20264,Extrovert
24192,Extrovert
24540,Extrovert
20413,Extrovert
18771,Extrovert
19811,Extrovert
23260,Extrovert
23756,Extrovert
21541,Extrovert
22664,Extrovert
22629,Extrovert
22306,Extrovert
22693,Extrovert
21214,Extrovert
20208,Extrovert
22806,Extrovert
20866,Introvert
19885,Extrovert
20760,Extrovert
22543,Extrovert
21153,Extrovert
20273,Extrovert
21416,Extrovert
24010,Extrovert
22665,Extrovert
21889,Extrovert
20591,Extrovert
19835,Extrovert
20909,Extrovert
23753,Extrovert
23664,Extrovert
24438,Extrovert
22135,Extrovert
22368,Extrovert
21072,Introvert
23921,Extrovert
20671,Extrovert
21768,Extrovert
19316,Extrovert
21124,Extrovert
20318,Extrovert
21434,Extrovert
20864,Extrovert
20594,Extrovert
