id,baseline_prediction,mismatches,challenger_preds
24677,Extrovert,6,"['Introvert', 'Introvert', 'Introvert', 'Introvert', 'Introvert', 'Introvert']"
18525,Extrovert,6,"['Introvert', 'Introvert', 'Introvert', 'Introvert', 'Introvert', 'Introvert']"
24497,Extrovert,6,"['Introvert', 'Introvert', 'Introvert', 'Introvert', 'Introvert', 'Introvert']"
24475,Extrovert,6,"['Introvert', 'Introvert', 'Introvert', 'Introvert', 'Introvert', 'Introvert']"
24472,Extrovert,6,"['Introvert', 'Introvert', 'Introvert', 'Introvert', 'Introvert', 'Introvert']"
24457,Extrovert,6,"['Introvert', 'Introvert', 'Introvert', 'Introvert', 'Introvert', 'Introvert']"
24456,Extrovert,6,"['Introvert', 'Introvert', 'Introvert', 'Introvert', 'Introvert', 'Introvert']"
24455,Extrovert,6,"['Introvert', 'Introvert', 'Introvert', 'Introvert', 'Introvert', 'Introvert']"
24431,Extrovert,6,"['Introvert', 'Introvert', 'Introvert', 'Introvert', 'Introvert', 'Introvert']"
24386,Extrovert,6,"['Introvert', 'Introvert', 'Introvert', 'Introvert', 'Introvert', 'Introvert']"
24381,Extrovert,6,"['Introvert', 'Introvert', 'Introvert', 'Introvert', 'Introvert', 'Introvert']"
24380,Extrovert,6,"['Introvert', 'Introvert', 'Introvert', 'Introvert', 'Introvert', 'Introvert']"
24366,Extrovert,6,"['Introvert', 'Introvert', 'Introvert', 'Introvert', 'Introvert', 'Introvert']"
24348,Extrovert,6,"['Introvert', 'Introvert', 'Introvert', 'Introvert', 'Introvert', 'Introvert']"
24330,Extrovert,6,"['Introvert', 'Introvert', 'Introvert', 'Introvert', 'Introvert', 'Introvert']"
24309,Extrovert,6,"['Introvert', 'Introvert', 'Introvert', 'Introvert', 'Introvert', 'Introvert']"
18939,Extrovert,6,"['Introvert', 'Introvert', 'Introvert', 'Introvert', 'Introvert', 'Introvert']"
18919,Extrovert,6,"['Introvert', 'Introvert', 'Introvert', 'Introvert', 'Introvert', 'Introvert']"
18911,Extrovert,6,"['Introvert', 'Introvert', 'Introvert', 'Introvert', 'Introvert', 'Introvert']"
18906,Extrovert,6,"['Introvert', 'Introvert', 'Introvert', 'Introvert', 'Introvert', 'Introvert']"
18887,Extrovert,6,"['Introvert', 'Introvert', 'Introvert', 'Introvert', 'Introvert', 'Introvert']"
18885,Extrovert,6,"['Introvert', 'Introvert', 'Introvert', 'Introvert', 'Introvert', 'Introvert']"
18842,Extrovert,6,"['Introvert', 'Introvert', 'Introvert', 'Introvert', 'Introvert', 'Introvert']"
18805,Extrovert,6,"['Introvert', 'Introvert', 'Introvert', 'Introvert', 'Introvert', 'Introvert']"
18804,Extrovert,6,"['Introvert', 'Introvert', 'Introvert', 'Introvert', 'Introvert', 'Introvert']"
18788,Extrovert,6,"['Introvert', 'Introvert', 'Introvert', 'Introvert', 'Introvert', 'Introvert']"
18769,Extrovert,6,"['Introvert', 'Introvert', 'Introvert', 'Introvert', 'Introvert', 'Introvert']"
18746,Extrovert,6,"['Introvert', 'Introvert', 'Introvert', 'Introvert', 'Introvert', 'Introvert']"
18734,Extrovert,6,"['Introvert', 'Introvert', 'Introvert', 'Introvert', 'Introvert', 'Introvert']"
18728,Extrovert,6,"['Introvert', 'Introvert', 'Introvert', 'Introvert', 'Introvert', 'Introvert']"
19122,Extrovert,6,"['Introvert', 'Introvert', 'Introvert', 'Introvert', 'Introvert', 'Introvert']"
19112,Extrovert,6,"['Introvert', 'Introvert', 'Introvert', 'Introvert', 'Introvert', 'Introvert']"
19106,Extrovert,6,"['Introvert', 'Introvert', 'Introvert', 'Introvert', 'Introvert', 'Introvert']"
19098,Extrovert,6,"['Introvert', 'Introvert', 'Introvert', 'Introvert', 'Introvert', 'Introvert']"
19097,Extrovert,6,"['Introvert', 'Introvert', 'Introvert', 'Introvert', 'Introvert', 'Introvert']"
19096,Extrovert,6,"['Introvert', 'Introvert', 'Introvert', 'Introvert', 'Introvert', 'Introvert']"
19087,Extrovert,6,"['Introvert', 'Introvert', 'Introvert', 'Introvert', 'Introvert', 'Introvert']"
19072,Extrovert,6,"['Introvert', 'Introvert', 'Introvert', 'Introvert', 'Introvert', 'Introvert']"
19042,Extrovert,6,"['Introvert', 'Introvert', 'Introvert', 'Introvert', 'Introvert', 'Introvert']"
19037,Extrovert,6,"['Introvert', 'Introvert', 'Introvert', 'Introvert', 'Introvert', 'Introvert']"
19011,Extrovert,6,"['Introvert', 'Introvert', 'Introvert', 'Introvert', 'Introvert', 'Introvert']"
18998,Extrovert,6,"['Introvert', 'Introvert', 'Introvert', 'Introvert', 'Introvert', 'Introvert']"
18981,Extrovert,6,"['Introvert', 'Introvert', 'Introvert', 'Introvert', 'Introvert', 'Introvert']"
18971,Extrovert,6,"['Introvert', 'Introvert', 'Introvert', 'Introvert', 'Introvert', 'Introvert']"
18966,Extrovert,6,"['Introvert', 'Introvert', 'Introvert', 'Introvert', 'Introvert', 'Introvert']"
18943,Extrovert,6,"['Introvert', 'Introvert', 'Introvert', 'Introvert', 'Introvert', 'Introvert']"
19390,Extrovert,6,"['Introvert', 'Introvert', 'Introvert', 'Introvert', 'Introvert', 'Introvert']"
19376,Extrovert,6,"['Introvert', 'Introvert', 'Introvert', 'Introvert', 'Introvert', 'Introvert']"
19372,Extrovert,6,"['Introvert', 'Introvert', 'Introvert', 'Introvert', 'Introvert', 'Introvert']"
19365,Extrovert,6,"['Introvert', 'Introvert', 'Introvert', 'Introvert', 'Introvert', 'Introvert']"
19342,Extrovert,6,"['Introvert', 'Introvert', 'Introvert', 'Introvert', 'Introvert', 'Introvert']"
19311,Extrovert,6,"['Introvert', 'Introvert', 'Introvert', 'Introvert', 'Introvert', 'Introvert']"
19307,Extrovert,6,"['Introvert', 'Introvert', 'Introvert', 'Introvert', 'Introvert', 'Introvert']"
19299,Extrovert,6,"['Introvert', 'Introvert', 'Introvert', 'Introvert', 'Introvert', 'Introvert']"
19291,Extrovert,6,"['Introvert', 'Introvert', 'Introvert', 'Introvert', 'Introvert', 'Introvert']"
19289,Extrovert,6,"['Introvert', 'Introvert', 'Introvert', 'Introvert', 'Introvert', 'Introvert']"
19287,Extrovert,6,"['Introvert', 'Introvert', 'Introvert', 'Introvert', 'Introvert', 'Introvert']"
19273,Extrovert,6,"['Introvert', 'Introvert', 'Introvert', 'Introvert', 'Introvert', 'Introvert']"
19272,Extrovert,6,"['Introvert', 'Introvert', 'Introvert', 'Introvert', 'Introvert', 'Introvert']"
19240,Extrovert,6,"['Introvert', 'Introvert', 'Introvert', 'Introvert', 'Introvert', 'Introvert']"
19207,Extrovert,6,"['Introvert', 'Introvert', 'Introvert', 'Introvert', 'Introvert', 'Introvert']"
19173,Extrovert,6,"['Introvert', 'Introvert', 'Introvert', 'Introvert', 'Introvert', 'Introvert']"
19563,Extrovert,6,"['Introvert', 'Introvert', 'Introvert', 'Introvert', 'Introvert', 'Introvert']"
19559,Extrovert,6,"['Introvert', 'Introvert', 'Introvert', 'Introvert', 'Introvert', 'Introvert']"
19530,Extrovert,6,"['Introvert', 'Introvert', 'Introvert', 'Introvert', 'Introvert', 'Introvert']"
19519,Extrovert,6,"['Introvert', 'Introvert', 'Introvert', 'Introvert', 'Introvert', 'Introvert']"
19513,Extrovert,6,"['Introvert', 'Introvert', 'Introvert', 'Introvert', 'Introvert', 'Introvert']"
19503,Extrovert,6,"['Introvert', 'Introvert', 'Introvert', 'Introvert', 'Introvert', 'Introvert']"
19483,Extrovert,6,"['Introvert', 'Introvert', 'Introvert', 'Introvert', 'Introvert', 'Introvert']"
19482,Extrovert,6,"['Introvert', 'Introvert', 'Introvert', 'Introvert', 'Introvert', 'Introvert']"
19473,Extrovert,6,"['Introvert', 'Introvert', 'Introvert', 'Introvert', 'Introvert', 'Introvert']"
19429,Extrovert,6,"['Introvert', 'Introvert', 'Introvert', 'Introvert', 'Introvert', 'Introvert']"
19417,Extrovert,6,"['Introvert', 'Introvert', 'Introvert', 'Introvert', 'Introvert', 'Introvert']"
19413,Extrovert,6,"['Introvert', 'Introvert', 'Introvert', 'Introvert', 'Introvert', 'Introvert']"
19405,Extrovert,6,"['Introvert', 'Introvert', 'Introvert', 'Introvert', 'Introvert', 'Introvert']"
19398,Extrovert,6,"['Introvert', 'Introvert', 'Introvert', 'Introvert', 'Introvert', 'Introvert']"
19760,Extrovert,6,"['Introvert', 'Introvert', 'Introvert', 'Introvert', 'Introvert', 'Introvert']"
19751,Extrovert,6,"['Introvert', 'Introvert', 'Introvert', 'Introvert', 'Introvert', 'Introvert']"
19732,Extrovert,6,"['Introvert', 'Introvert', 'Introvert', 'Introvert', 'Introvert', 'Introvert']"
19731,Extrovert,6,"['Introvert', 'Introvert', 'Introvert', 'Introvert', 'Introvert', 'Introvert']"
19725,Extrovert,6,"['Introvert', 'Introvert', 'Introvert', 'Introvert', 'Introvert', 'Introvert']"
19711,Extrovert,6,"['Introvert', 'Introvert', 'Introvert', 'Introvert', 'Introvert', 'Introvert']"
19691,Extrovert,6,"['Introvert', 'Introvert', 'Introvert', 'Introvert', 'Introvert', 'Introvert']"
19668,Extrovert,6,"['Introvert', 'Introvert', 'Introvert', 'Introvert', 'Introvert', 'Introvert']"
19663,Extrovert,6,"['Introvert', 'Introvert', 'Introvert', 'Introvert', 'Introvert', 'Introvert']"
19662,Extrovert,6,"['Introvert', 'Introvert', 'Introvert', 'Introvert', 'Introvert', 'Introvert']"
19659,Extrovert,6,"['Introvert', 'Introvert', 'Introvert', 'Introvert', 'Introvert', 'Introvert']"
19645,Extrovert,6,"['Introvert', 'Introvert', 'Introvert', 'Introvert', 'Introvert', 'Introvert']"
19584,Extrovert,6,"['Introvert', 'Introvert', 'Introvert', 'Introvert', 'Introvert', 'Introvert']"
19569,Extrovert,6,"['Introvert', 'Introvert', 'Introvert', 'Introvert', 'Introvert', 'Introvert']"
19567,Extrovert,6,"['Introvert', 'Introvert', 'Introvert', 'Introvert', 'Introvert', 'Introvert']"
19910,Extrovert,6,"['Introvert', 'Introvert', 'Introvert', 'Introvert', 'Introvert', 'Introvert']"
19878,Extrovert,6,"['Introvert', 'Introvert', 'Introvert', 'Introvert', 'Introvert', 'Introvert']"
19875,Extrovert,6,"['Introvert', 'Introvert', 'Introvert', 'Introvert', 'Introvert', 'Introvert']"
19857,Extrovert,6,"['Introvert', 'Introvert', 'Introvert', 'Introvert', 'Introvert', 'Introvert']"
19856,Extrovert,6,"['Introvert', 'Introvert', 'Introvert', 'Introvert', 'Introvert', 'Introvert']"
19838,Extrovert,6,"['Introvert', 'Introvert', 'Introvert', 'Introvert', 'Introvert', 'Introvert']"
19828,Extrovert,6,"['Introvert', 'Introvert', 'Introvert', 'Introvert', 'Introvert', 'Introvert']"
19826,Extrovert,6,"['Introvert', 'Introvert', 'Introvert', 'Introvert', 'Introvert', 'Introvert']"
19790,Extrovert,6,"['Introvert', 'Introvert', 'Introvert', 'Introvert', 'Introvert', 'Introvert']"
19786,Extrovert,6,"['Introvert', 'Introvert', 'Introvert', 'Introvert', 'Introvert', 'Introvert']"
19782,Extrovert,6,"['Introvert', 'Introvert', 'Introvert', 'Introvert', 'Introvert', 'Introvert']"
19780,Extrovert,6,"['Introvert', 'Introvert', 'Introvert', 'Introvert', 'Introvert', 'Introvert']"
19779,Extrovert,6,"['Introvert', 'Introvert', 'Introvert', 'Introvert', 'Introvert', 'Introvert']"
19768,Extrovert,6,"['Introvert', 'Introvert', 'Introvert', 'Introvert', 'Introvert', 'Introvert']"
20049,Extrovert,6,"['Introvert', 'Introvert', 'Introvert', 'Introvert', 'Introvert', 'Introvert']"
20036,Extrovert,6,"['Introvert', 'Introvert', 'Introvert', 'Introvert', 'Introvert', 'Introvert']"
20019,Extrovert,6,"['Introvert', 'Introvert', 'Introvert', 'Introvert', 'Introvert', 'Introvert']"
20016,Extrovert,6,"['Introvert', 'Introvert', 'Introvert', 'Introvert', 'Introvert', 'Introvert']"
20004,Extrovert,6,"['Introvert', 'Introvert', 'Introvert', 'Introvert', 'Introvert', 'Introvert']"
20001,Extrovert,6,"['Introvert', 'Introvert', 'Introvert', 'Introvert', 'Introvert', 'Introvert']"
19994,Extrovert,6,"['Introvert', 'Introvert', 'Introvert', 'Introvert', 'Introvert', 'Introvert']"
19988,Extrovert,6,"['Introvert', 'Introvert', 'Introvert', 'Introvert', 'Introvert', 'Introvert']"
19986,Extrovert,6,"['Introvert', 'Introvert', 'Introvert', 'Introvert', 'Introvert', 'Introvert']"
19956,Extrovert,6,"['Introvert', 'Introvert', 'Introvert', 'Introvert', 'Introvert', 'Introvert']"
19946,Extrovert,6,"['Introvert', 'Introvert', 'Introvert', 'Introvert', 'Introvert', 'Introvert']"
19939,Extrovert,6,"['Introvert', 'Introvert', 'Introvert', 'Introvert', 'Introvert', 'Introvert']"
19936,Extrovert,6,"['Introvert', 'Introvert', 'Introvert', 'Introvert', 'Introvert', 'Introvert']"
19928,Extrovert,6,"['Introvert', 'Introvert', 'Introvert', 'Introvert', 'Introvert', 'Introvert']"
20147,Extrovert,6,"['Introvert', 'Introvert', 'Introvert', 'Introvert', 'Introvert', 'Introvert']"
20145,Extrovert,6,"['Introvert', 'Introvert', 'Introvert', 'Introvert', 'Introvert', 'Introvert']"
20143,Extrovert,6,"['Introvert', 'Introvert', 'Introvert', 'Introvert', 'Introvert', 'Introvert']"
20141,Extrovert,6,"['Introvert', 'Introvert', 'Introvert', 'Introvert', 'Introvert', 'Introvert']"
20139,Extrovert,6,"['Introvert', 'Introvert', 'Introvert', 'Introvert', 'Introvert', 'Introvert']"
20128,Extrovert,6,"['Introvert', 'Introvert', 'Introvert', 'Introvert', 'Introvert', 'Introvert']"
20127,Extrovert,6,"['Introvert', 'Introvert', 'Introvert', 'Introvert', 'Introvert', 'Introvert']"
20119,Extrovert,6,"['Introvert', 'Introvert', 'Introvert', 'Introvert', 'Introvert', 'Introvert']"
20117,Extrovert,6,"['Introvert', 'Introvert', 'Introvert', 'Introvert', 'Introvert', 'Introvert']"
20107,Extrovert,6,"['Introvert', 'Introvert', 'Introvert', 'Introvert', 'Introvert', 'Introvert']"
20098,Extrovert,6,"['Introvert', 'Introvert', 'Introvert', 'Introvert', 'Introvert', 'Introvert']"
20092,Extrovert,6,"['Introvert', 'Introvert', 'Introvert', 'Introvert', 'Introvert', 'Introvert']"
20085,Extrovert,6,"['Introvert', 'Introvert', 'Introvert', 'Introvert', 'Introvert', 'Introvert']"
20084,Extrovert,6,"['Introvert', 'Introvert', 'Introvert', 'Introvert', 'Introvert', 'Introvert']"
20083,Extrovert,6,"['Introvert', 'Introvert', 'Introvert', 'Introvert', 'Introvert', 'Introvert']"
20059,Extrovert,6,"['Introvert', 'Introvert', 'Introvert', 'Introvert', 'Introvert', 'Introvert']"
20470,Extrovert,6,"['Introvert', 'Introvert', 'Introvert', 'Introvert', 'Introvert', 'Introvert']"
20469,Extrovert,6,"['Introvert', 'Introvert', 'Introvert', 'Introvert', 'Introvert', 'Introvert']"
20465,Extrovert,6,"['Introvert', 'Introvert', 'Introvert', 'Introvert', 'Introvert', 'Introvert']"
20464,Extrovert,6,"['Introvert', 'Introvert', 'Introvert', 'Introvert', 'Introvert', 'Introvert']"
20431,Extrovert,6,"['Introvert', 'Introvert', 'Introvert', 'Introvert', 'Introvert', 'Introvert']"
20426,Extrovert,6,"['Introvert', 'Introvert', 'Introvert', 'Introvert', 'Introvert', 'Introvert']"
20421,Extrovert,6,"['Introvert', 'Introvert', 'Introvert', 'Introvert', 'Introvert', 'Introvert']"
20378,Extrovert,6,"['Introvert', 'Introvert', 'Introvert', 'Introvert', 'Introvert', 'Introvert']"
20348,Extrovert,6,"['Introvert', 'Introvert', 'Introvert', 'Introvert', 'Introvert', 'Introvert']"
20339,Extrovert,6,"['Introvert', 'Introvert', 'Introvert', 'Introvert', 'Introvert', 'Introvert']"
20325,Extrovert,6,"['Introvert', 'Introvert', 'Introvert', 'Introvert', 'Introvert', 'Introvert']"
20288,Extrovert,6,"['Introvert', 'Introvert', 'Introvert', 'Introvert', 'Introvert', 'Introvert']"
20232,Extrovert,6,"['Introvert', 'Introvert', 'Introvert', 'Introvert', 'Introvert', 'Introvert']"
20224,Extrovert,6,"['Introvert', 'Introvert', 'Introvert', 'Introvert', 'Introvert', 'Introvert']"
20190,Extrovert,6,"['Introvert', 'Introvert', 'Introvert', 'Introvert', 'Introvert', 'Introvert']"
20576,Extrovert,6,"['Introvert', 'Introvert', 'Introvert', 'Introvert', 'Introvert', 'Introvert']"
20573,Extrovert,6,"['Introvert', 'Introvert', 'Introvert', 'Introvert', 'Introvert', 'Introvert']"
20560,Extrovert,6,"['Introvert', 'Introvert', 'Introvert', 'Introvert', 'Introvert', 'Introvert']"
20546,Extrovert,6,"['Introvert', 'Introvert', 'Introvert', 'Introvert', 'Introvert', 'Introvert']"
20542,Extrovert,6,"['Introvert', 'Introvert', 'Introvert', 'Introvert', 'Introvert', 'Introvert']"
20541,Extrovert,6,"['Introvert', 'Introvert', 'Introvert', 'Introvert', 'Introvert', 'Introvert']"
20526,Extrovert,6,"['Introvert', 'Introvert', 'Introvert', 'Introvert', 'Introvert', 'Introvert']"
20524,Extrovert,6,"['Introvert', 'Introvert', 'Introvert', 'Introvert', 'Introvert', 'Introvert']"
20517,Extrovert,6,"['Introvert', 'Introvert', 'Introvert', 'Introvert', 'Introvert', 'Introvert']"
20511,Extrovert,6,"['Introvert', 'Introvert', 'Introvert', 'Introvert', 'Introvert', 'Introvert']"
20508,Extrovert,6,"['Introvert', 'Introvert', 'Introvert', 'Introvert', 'Introvert', 'Introvert']"
20507,Extrovert,6,"['Introvert', 'Introvert', 'Introvert', 'Introvert', 'Introvert', 'Introvert']"
20485,Extrovert,6,"['Introvert', 'Introvert', 'Introvert', 'Introvert', 'Introvert', 'Introvert']"
20477,Extrovert,6,"['Introvert', 'Introvert', 'Introvert', 'Introvert', 'Introvert', 'Introvert']"
20475,Extrovert,6,"['Introvert', 'Introvert', 'Introvert', 'Introvert', 'Introvert', 'Introvert']"
20472,Extrovert,6,"['Introvert', 'Introvert', 'Introvert', 'Introvert', 'Introvert', 'Introvert']"
20813,Extrovert,6,"['Introvert', 'Introvert', 'Introvert', 'Introvert', 'Introvert', 'Introvert']"
20769,Extrovert,6,"['Introvert', 'Introvert', 'Introvert', 'Introvert', 'Introvert', 'Introvert']"
20722,Extrovert,6,"['Introvert', 'Introvert', 'Introvert', 'Introvert', 'Introvert', 'Introvert']"
20710,Extrovert,6,"['Introvert', 'Introvert', 'Introvert', 'Introvert', 'Introvert', 'Introvert']"
20707,Extrovert,6,"['Introvert', 'Introvert', 'Introvert', 'Introvert', 'Introvert', 'Introvert']"
20705,Extrovert,6,"['Introvert', 'Introvert', 'Introvert', 'Introvert', 'Introvert', 'Introvert']"
20701,Extrovert,6,"['Introvert', 'Introvert', 'Introvert', 'Introvert', 'Introvert', 'Introvert']"
20695,Extrovert,6,"['Introvert', 'Introvert', 'Introvert', 'Introvert', 'Introvert', 'Introvert']"
20690,Extrovert,6,"['Introvert', 'Introvert', 'Introvert', 'Introvert', 'Introvert', 'Introvert']"
20664,Extrovert,6,"['Introvert', 'Introvert', 'Introvert', 'Introvert', 'Introvert', 'Introvert']"
20650,Extrovert,6,"['Introvert', 'Introvert', 'Introvert', 'Introvert', 'Introvert', 'Introvert']"
20602,Extrovert,6,"['Introvert', 'Introvert', 'Introvert', 'Introvert', 'Introvert', 'Introvert']"
20599,Extrovert,6,"['Introvert', 'Introvert', 'Introvert', 'Introvert', 'Introvert', 'Introvert']"
20595,Extrovert,6,"['Introvert', 'Introvert', 'Introvert', 'Introvert', 'Introvert', 'Introvert']"
20587,Extrovert,6,"['Introvert', 'Introvert', 'Introvert', 'Introvert', 'Introvert', 'Introvert']"
20579,Extrovert,6,"['Introvert', 'Introvert', 'Introvert', 'Introvert', 'Introvert', 'Introvert']"
20962,Extrovert,6,"['Introvert', 'Introvert', 'Introvert', 'Introvert', 'Introvert', 'Introvert']"
20941,Extrovert,6,"['Introvert', 'Introvert', 'Introvert', 'Introvert', 'Introvert', 'Introvert']"
20928,Extrovert,6,"['Introvert', 'Introvert', 'Introvert', 'Introvert', 'Introvert', 'Introvert']"
20925,Extrovert,6,"['Introvert', 'Introvert', 'Introvert', 'Introvert', 'Introvert', 'Introvert']"
20922,Extrovert,6,"['Introvert', 'Introvert', 'Introvert', 'Introvert', 'Introvert', 'Introvert']"
20916,Extrovert,6,"['Introvert', 'Introvert', 'Introvert', 'Introvert', 'Introvert', 'Introvert']"
20905,Extrovert,6,"['Introvert', 'Introvert', 'Introvert', 'Introvert', 'Introvert', 'Introvert']"
20881,Extrovert,6,"['Introvert', 'Introvert', 'Introvert', 'Introvert', 'Introvert', 'Introvert']"
20872,Extrovert,6,"['Introvert', 'Introvert', 'Introvert', 'Introvert', 'Introvert', 'Introvert']"
20842,Extrovert,6,"['Introvert', 'Introvert', 'Introvert', 'Introvert', 'Introvert', 'Introvert']"
20837,Extrovert,6,"['Introvert', 'Introvert', 'Introvert', 'Introvert', 'Introvert', 'Introvert']"
20831,Extrovert,6,"['Introvert', 'Introvert', 'Introvert', 'Introvert', 'Introvert', 'Introvert']"
20826,Extrovert,6,"['Introvert', 'Introvert', 'Introvert', 'Introvert', 'Introvert', 'Introvert']"
21139,Extrovert,6,"['Introvert', 'Introvert', 'Introvert', 'Introvert', 'Introvert', 'Introvert']"
21119,Extrovert,6,"['Introvert', 'Introvert', 'Introvert', 'Introvert', 'Introvert', 'Introvert']"
21103,Extrovert,6,"['Introvert', 'Introvert', 'Introvert', 'Introvert', 'Introvert', 'Introvert']"
21097,Extrovert,6,"['Introvert', 'Introvert', 'Introvert', 'Introvert', 'Introvert', 'Introvert']"
21088,Extrovert,6,"['Introvert', 'Introvert', 'Introvert', 'Introvert', 'Introvert', 'Introvert']"
21068,Extrovert,6,"['Introvert', 'Introvert', 'Introvert', 'Introvert', 'Introvert', 'Introvert']"
21066,Extrovert,6,"['Introvert', 'Introvert', 'Introvert', 'Introvert', 'Introvert', 'Introvert']"
21062,Extrovert,6,"['Introvert', 'Introvert', 'Introvert', 'Introvert', 'Introvert', 'Introvert']"
21060,Extrovert,6,"['Introvert', 'Introvert', 'Introvert', 'Introvert', 'Introvert', 'Introvert']"
21035,Extrovert,6,"['Introvert', 'Introvert', 'Introvert', 'Introvert', 'Introvert', 'Introvert']"
21030,Extrovert,6,"['Introvert', 'Introvert', 'Introvert', 'Introvert', 'Introvert', 'Introvert']"
20998,Extrovert,6,"['Introvert', 'Introvert', 'Introvert', 'Introvert', 'Introvert', 'Introvert']"
20995,Extrovert,6,"['Introvert', 'Introvert', 'Introvert', 'Introvert', 'Introvert', 'Introvert']"
20985,Extrovert,6,"['Introvert', 'Introvert', 'Introvert', 'Introvert', 'Introvert', 'Introvert']"
20971,Extrovert,6,"['Introvert', 'Introvert', 'Introvert', 'Introvert', 'Introvert', 'Introvert']"
20970,Extrovert,6,"['Introvert', 'Introvert', 'Introvert', 'Introvert', 'Introvert', 'Introvert']"
21311,Extrovert,6,"['Introvert', 'Introvert', 'Introvert', 'Introvert', 'Introvert', 'Introvert']"
21299,Extrovert,6,"['Introvert', 'Introvert', 'Introvert', 'Introvert', 'Introvert', 'Introvert']"
21291,Extrovert,6,"['Introvert', 'Introvert', 'Introvert', 'Introvert', 'Introvert', 'Introvert']"
21281,Extrovert,6,"['Introvert', 'Introvert', 'Introvert', 'Introvert', 'Introvert', 'Introvert']"
21278,Extrovert,6,"['Introvert', 'Introvert', 'Introvert', 'Introvert', 'Introvert', 'Introvert']"
21250,Extrovert,6,"['Introvert', 'Introvert', 'Introvert', 'Introvert', 'Introvert', 'Introvert']"
21249,Extrovert,6,"['Introvert', 'Introvert', 'Introvert', 'Introvert', 'Introvert', 'Introvert']"
21234,Extrovert,6,"['Introvert', 'Introvert', 'Introvert', 'Introvert', 'Introvert', 'Introvert']"
21217,Extrovert,6,"['Introvert', 'Introvert', 'Introvert', 'Introvert', 'Introvert', 'Introvert']"
21216,Extrovert,6,"['Introvert', 'Introvert', 'Introvert', 'Introvert', 'Introvert', 'Introvert']"
21211,Extrovert,6,"['Introvert', 'Introvert', 'Introvert', 'Introvert', 'Introvert', 'Introvert']"
21202,Extrovert,6,"['Introvert', 'Introvert', 'Introvert', 'Introvert', 'Introvert', 'Introvert']"
21181,Extrovert,6,"['Introvert', 'Introvert', 'Introvert', 'Introvert', 'Introvert', 'Introvert']"
21173,Extrovert,6,"['Introvert', 'Introvert', 'Introvert', 'Introvert', 'Introvert', 'Introvert']"
21156,Extrovert,6,"['Introvert', 'Introvert', 'Introvert', 'Introvert', 'Introvert', 'Introvert']"
21150,Extrovert,6,"['Introvert', 'Introvert', 'Introvert', 'Introvert', 'Introvert', 'Introvert']"
21458,Extrovert,6,"['Introvert', 'Introvert', 'Introvert', 'Introvert', 'Introvert', 'Introvert']"
21450,Extrovert,6,"['Introvert', 'Introvert', 'Introvert', 'Introvert', 'Introvert', 'Introvert']"
21429,Extrovert,6,"['Introvert', 'Introvert', 'Introvert', 'Introvert', 'Introvert', 'Introvert']"
21424,Extrovert,6,"['Introvert', 'Introvert', 'Introvert', 'Introvert', 'Introvert', 'Introvert']"
21417,Extrovert,6,"['Introvert', 'Introvert', 'Introvert', 'Introvert', 'Introvert', 'Introvert']"
21412,Extrovert,6,"['Introvert', 'Introvert', 'Introvert', 'Introvert', 'Introvert', 'Introvert']"
21378,Extrovert,6,"['Introvert', 'Introvert', 'Introvert', 'Introvert', 'Introvert', 'Introvert']"
21371,Extrovert,6,"['Introvert', 'Introvert', 'Introvert', 'Introvert', 'Introvert', 'Introvert']"
21366,Extrovert,6,"['Introvert', 'Introvert', 'Introvert', 'Introvert', 'Introvert', 'Introvert']"
21359,Extrovert,6,"['Introvert', 'Introvert', 'Introvert', 'Introvert', 'Introvert', 'Introvert']"
21346,Extrovert,6,"['Introvert', 'Introvert', 'Introvert', 'Introvert', 'Introvert', 'Introvert']"
21337,Extrovert,6,"['Introvert', 'Introvert', 'Introvert', 'Introvert', 'Introvert', 'Introvert']"
21319,Extrovert,6,"['Introvert', 'Introvert', 'Introvert', 'Introvert', 'Introvert', 'Introvert']"
21317,Extrovert,6,"['Introvert', 'Introvert', 'Introvert', 'Introvert', 'Introvert', 'Introvert']"
24254,Extrovert,6,"['Introvert', 'Introvert', 'Introvert', 'Introvert', 'Introvert', 'Introvert']"
24252,Extrovert,6,"['Introvert', 'Introvert', 'Introvert', 'Introvert', 'Introvert', 'Introvert']"
24235,Extrovert,6,"['Introvert', 'Introvert', 'Introvert', 'Introvert', 'Introvert', 'Introvert']"
24218,Extrovert,6,"['Introvert', 'Introvert', 'Introvert', 'Introvert', 'Introvert', 'Introvert']"
24210,Extrovert,6,"['Introvert', 'Introvert', 'Introvert', 'Introvert', 'Introvert', 'Introvert']"
24197,Extrovert,6,"['Introvert', 'Introvert', 'Introvert', 'Introvert', 'Introvert', 'Introvert']"
24185,Extrovert,6,"['Introvert', 'Introvert', 'Introvert', 'Introvert', 'Introvert', 'Introvert']"
24172,Extrovert,6,"['Introvert', 'Introvert', 'Introvert', 'Introvert', 'Introvert', 'Introvert']"
24160,Extrovert,6,"['Introvert', 'Introvert', 'Introvert', 'Introvert', 'Introvert', 'Introvert']"
24157,Extrovert,6,"['Introvert', 'Introvert', 'Introvert', 'Introvert', 'Introvert', 'Introvert']"
24141,Extrovert,6,"['Introvert', 'Introvert', 'Introvert', 'Introvert', 'Introvert', 'Introvert']"
24132,Extrovert,6,"['Introvert', 'Introvert', 'Introvert', 'Introvert', 'Introvert', 'Introvert']"
24119,Extrovert,6,"['Introvert', 'Introvert', 'Introvert', 'Introvert', 'Introvert', 'Introvert']"
24112,Extrovert,6,"['Introvert', 'Introvert', 'Introvert', 'Introvert', 'Introvert', 'Introvert']"
24110,Extrovert,6,"['Introvert', 'Introvert', 'Introvert', 'Introvert', 'Introvert', 'Introvert']"
24106,Extrovert,6,"['Introvert', 'Introvert', 'Introvert', 'Introvert', 'Introvert', 'Introvert']"
21700,Extrovert,6,"['Introvert', 'Introvert', 'Introvert', 'Introvert', 'Introvert', 'Introvert']"
21688,Extrovert,6,"['Introvert', 'Introvert', 'Introvert', 'Introvert', 'Introvert', 'Introvert']"
21631,Extrovert,6,"['Introvert', 'Introvert', 'Introvert', 'Introvert', 'Introvert', 'Introvert']"
21617,Extrovert,6,"['Introvert', 'Introvert', 'Introvert', 'Introvert', 'Introvert', 'Introvert']"
21599,Extrovert,6,"['Introvert', 'Introvert', 'Introvert', 'Introvert', 'Introvert', 'Introvert']"
21583,Extrovert,6,"['Introvert', 'Introvert', 'Introvert', 'Introvert', 'Introvert', 'Introvert']"
21582,Extrovert,6,"['Introvert', 'Introvert', 'Introvert', 'Introvert', 'Introvert', 'Introvert']"
21580,Extrovert,6,"['Introvert', 'Introvert', 'Introvert', 'Introvert', 'Introvert', 'Introvert']"
21537,Extrovert,6,"['Introvert', 'Introvert', 'Introvert', 'Introvert', 'Introvert', 'Introvert']"
21529,Extrovert,6,"['Introvert', 'Introvert', 'Introvert', 'Introvert', 'Introvert', 'Introvert']"
21486,Extrovert,6,"['Introvert', 'Introvert', 'Introvert', 'Introvert', 'Introvert', 'Introvert']"
21480,Extrovert,6,"['Introvert', 'Introvert', 'Introvert', 'Introvert', 'Introvert', 'Introvert']"
21478,Extrovert,6,"['Introvert', 'Introvert', 'Introvert', 'Introvert', 'Introvert', 'Introvert']"
21474,Extrovert,6,"['Introvert', 'Introvert', 'Introvert', 'Introvert', 'Introvert', 'Introvert']"
21465,Extrovert,6,"['Introvert', 'Introvert', 'Introvert', 'Introvert', 'Introvert', 'Introvert']"
21464,Extrovert,6,"['Introvert', 'Introvert', 'Introvert', 'Introvert', 'Introvert', 'Introvert']"
21871,Extrovert,6,"['Introvert', 'Introvert', 'Introvert', 'Introvert', 'Introvert', 'Introvert']"
21866,Extrovert,6,"['Introvert', 'Introvert', 'Introvert', 'Introvert', 'Introvert', 'Introvert']"
21848,Extrovert,6,"['Introvert', 'Introvert', 'Introvert', 'Introvert', 'Introvert', 'Introvert']"
21843,Extrovert,6,"['Introvert', 'Introvert', 'Introvert', 'Introvert', 'Introvert', 'Introvert']"
21841,Extrovert,6,"['Introvert', 'Introvert', 'Introvert', 'Introvert', 'Introvert', 'Introvert']"
21833,Extrovert,6,"['Introvert', 'Introvert', 'Introvert', 'Introvert', 'Introvert', 'Introvert']"
21797,Extrovert,6,"['Introvert', 'Introvert', 'Introvert', 'Introvert', 'Introvert', 'Introvert']"
21787,Extrovert,6,"['Introvert', 'Introvert', 'Introvert', 'Introvert', 'Introvert', 'Introvert']"
21776,Extrovert,6,"['Introvert', 'Introvert', 'Introvert', 'Introvert', 'Introvert', 'Introvert']"
21760,Extrovert,6,"['Introvert', 'Introvert', 'Introvert', 'Introvert', 'Introvert', 'Introvert']"
21726,Extrovert,6,"['Introvert', 'Introvert', 'Introvert', 'Introvert', 'Introvert', 'Introvert']"
21718,Extrovert,6,"['Introvert', 'Introvert', 'Introvert', 'Introvert', 'Introvert', 'Introvert']"
21716,Extrovert,6,"['Introvert', 'Introvert', 'Introvert', 'Introvert', 'Introvert', 'Introvert']"
21708,Extrovert,6,"['Introvert', 'Introvert', 'Introvert', 'Introvert', 'Introvert', 'Introvert']"
22030,Extrovert,6,"['Introvert', 'Introvert', 'Introvert', 'Introvert', 'Introvert', 'Introvert']"
22022,Extrovert,6,"['Introvert', 'Introvert', 'Introvert', 'Introvert', 'Introvert', 'Introvert']"
22013,Extrovert,6,"['Introvert', 'Introvert', 'Introvert', 'Introvert', 'Introvert', 'Introvert']"
22002,Extrovert,6,"['Introvert', 'Introvert', 'Introvert', 'Introvert', 'Introvert', 'Introvert']"
21995,Extrovert,6,"['Introvert', 'Introvert', 'Introvert', 'Introvert', 'Introvert', 'Introvert']"
21971,Extrovert,6,"['Introvert', 'Introvert', 'Introvert', 'Introvert', 'Introvert', 'Introvert']"
21969,Extrovert,6,"['Introvert', 'Introvert', 'Introvert', 'Introvert', 'Introvert', 'Introvert']"
21966,Extrovert,6,"['Introvert', 'Introvert', 'Introvert', 'Introvert', 'Introvert', 'Introvert']"
21945,Extrovert,6,"['Introvert', 'Introvert', 'Introvert', 'Introvert', 'Introvert', 'Introvert']"
21917,Extrovert,6,"['Introvert', 'Introvert', 'Introvert', 'Introvert', 'Introvert', 'Introvert']"
21915,Extrovert,6,"['Introvert', 'Introvert', 'Introvert', 'Introvert', 'Introvert', 'Introvert']"
21891,Extrovert,6,"['Introvert', 'Introvert', 'Introvert', 'Introvert', 'Introvert', 'Introvert']"
21885,Extrovert,6,"['Introvert', 'Introvert', 'Introvert', 'Introvert', 'Introvert', 'Introvert']"
21882,Extrovert,6,"['Introvert', 'Introvert', 'Introvert', 'Introvert', 'Introvert', 'Introvert']"
22278,Extrovert,6,"['Introvert', 'Introvert', 'Introvert', 'Introvert', 'Introvert', 'Introvert']"
22259,Extrovert,6,"['Introvert', 'Introvert', 'Introvert', 'Introvert', 'Introvert', 'Introvert']"
22236,Extrovert,6,"['Introvert', 'Introvert', 'Introvert', 'Introvert', 'Introvert', 'Introvert']"
22228,Extrovert,6,"['Introvert', 'Introvert', 'Introvert', 'Introvert', 'Introvert', 'Introvert']"
22226,Extrovert,6,"['Introvert', 'Introvert', 'Introvert', 'Introvert', 'Introvert', 'Introvert']"
22225,Extrovert,6,"['Introvert', 'Introvert', 'Introvert', 'Introvert', 'Introvert', 'Introvert']"
22210,Extrovert,6,"['Introvert', 'Introvert', 'Introvert', 'Introvert', 'Introvert', 'Introvert']"
22196,Extrovert,6,"['Introvert', 'Introvert', 'Introvert', 'Introvert', 'Introvert', 'Introvert']"
22195,Extrovert,6,"['Introvert', 'Introvert', 'Introvert', 'Introvert', 'Introvert', 'Introvert']"
22187,Extrovert,6,"['Introvert', 'Introvert', 'Introvert', 'Introvert', 'Introvert', 'Introvert']"
22148,Extrovert,6,"['Introvert', 'Introvert', 'Introvert', 'Introvert', 'Introvert', 'Introvert']"
22140,Extrovert,6,"['Introvert', 'Introvert', 'Introvert', 'Introvert', 'Introvert', 'Introvert']"
22128,Extrovert,6,"['Introvert', 'Introvert', 'Introvert', 'Introvert', 'Introvert', 'Introvert']"
22102,Extrovert,6,"['Introvert', 'Introvert', 'Introvert', 'Introvert', 'Introvert', 'Introvert']"
22075,Extrovert,6,"['Introvert', 'Introvert', 'Introvert', 'Introvert', 'Introvert', 'Introvert']"
22524,Extrovert,6,"['Introvert', 'Introvert', 'Introvert', 'Introvert', 'Introvert', 'Introvert']"
22478,Extrovert,6,"['Introvert', 'Introvert', 'Introvert', 'Introvert', 'Introvert', 'Introvert']"
22410,Extrovert,6,"['Introvert', 'Introvert', 'Introvert', 'Introvert', 'Introvert', 'Introvert']"
22397,Extrovert,6,"['Introvert', 'Introvert', 'Introvert', 'Introvert', 'Introvert', 'Introvert']"
22395,Extrovert,6,"['Introvert', 'Introvert', 'Introvert', 'Introvert', 'Introvert', 'Introvert']"
22389,Extrovert,6,"['Introvert', 'Introvert', 'Introvert', 'Introvert', 'Introvert', 'Introvert']"
22361,Extrovert,6,"['Introvert', 'Introvert', 'Introvert', 'Introvert', 'Introvert', 'Introvert']"
22349,Extrovert,6,"['Introvert', 'Introvert', 'Introvert', 'Introvert', 'Introvert', 'Introvert']"
22332,Extrovert,6,"['Introvert', 'Introvert', 'Introvert', 'Introvert', 'Introvert', 'Introvert']"
22321,Extrovert,6,"['Introvert', 'Introvert', 'Introvert', 'Introvert', 'Introvert', 'Introvert']"
22316,Extrovert,6,"['Introvert', 'Introvert', 'Introvert', 'Introvert', 'Introvert', 'Introvert']"
22308,Extrovert,6,"['Introvert', 'Introvert', 'Introvert', 'Introvert', 'Introvert', 'Introvert']"
22285,Extrovert,6,"['Introvert', 'Introvert', 'Introvert', 'Introvert', 'Introvert', 'Introvert']"
22713,Extrovert,6,"['Introvert', 'Introvert', 'Introvert', 'Introvert', 'Introvert', 'Introvert']"
22707,Extrovert,6,"['Introvert', 'Introvert', 'Introvert', 'Introvert', 'Introvert', 'Introvert']"
22698,Extrovert,6,"['Introvert', 'Introvert', 'Introvert', 'Introvert', 'Introvert', 'Introvert']"
22697,Extrovert,6,"['Introvert', 'Introvert', 'Introvert', 'Introvert', 'Introvert', 'Introvert']"
22663,Extrovert,6,"['Introvert', 'Introvert', 'Introvert', 'Introvert', 'Introvert', 'Introvert']"
22654,Extrovert,6,"['Introvert', 'Introvert', 'Introvert', 'Introvert', 'Introvert', 'Introvert']"
22645,Extrovert,6,"['Introvert', 'Introvert', 'Introvert', 'Introvert', 'Introvert', 'Introvert']"
22634,Extrovert,6,"['Introvert', 'Introvert', 'Introvert', 'Introvert', 'Introvert', 'Introvert']"
22628,Extrovert,6,"['Introvert', 'Introvert', 'Introvert', 'Introvert', 'Introvert', 'Introvert']"
22617,Extrovert,6,"['Introvert', 'Introvert', 'Introvert', 'Introvert', 'Introvert', 'Introvert']"
22575,Extrovert,6,"['Introvert', 'Introvert', 'Introvert', 'Introvert', 'Introvert', 'Introvert']"
22559,Extrovert,6,"['Introvert', 'Introvert', 'Introvert', 'Introvert', 'Introvert', 'Introvert']"
22552,Extrovert,6,"['Introvert', 'Introvert', 'Introvert', 'Introvert', 'Introvert', 'Introvert']"
22525,Extrovert,6,"['Introvert', 'Introvert', 'Introvert', 'Introvert', 'Introvert', 'Introvert']"
22897,Extrovert,6,"['Introvert', 'Introvert', 'Introvert', 'Introvert', 'Introvert', 'Introvert']"
22885,Extrovert,6,"['Introvert', 'Introvert', 'Introvert', 'Introvert', 'Introvert', 'Introvert']"
22866,Extrovert,6,"['Introvert', 'Introvert', 'Introvert', 'Introvert', 'Introvert', 'Introvert']"
22865,Extrovert,6,"['Introvert', 'Introvert', 'Introvert', 'Introvert', 'Introvert', 'Introvert']"
22842,Extrovert,6,"['Introvert', 'Introvert', 'Introvert', 'Introvert', 'Introvert', 'Introvert']"
22834,Extrovert,6,"['Introvert', 'Introvert', 'Introvert', 'Introvert', 'Introvert', 'Introvert']"
22833,Extrovert,6,"['Introvert', 'Introvert', 'Introvert', 'Introvert', 'Introvert', 'Introvert']"
22832,Extrovert,6,"['Introvert', 'Introvert', 'Introvert', 'Introvert', 'Introvert', 'Introvert']"
22796,Extrovert,6,"['Introvert', 'Introvert', 'Introvert', 'Introvert', 'Introvert', 'Introvert']"
22770,Extrovert,6,"['Introvert', 'Introvert', 'Introvert', 'Introvert', 'Introvert', 'Introvert']"
22752,Extrovert,6,"['Introvert', 'Introvert', 'Introvert', 'Introvert', 'Introvert', 'Introvert']"
22749,Extrovert,6,"['Introvert', 'Introvert', 'Introvert', 'Introvert', 'Introvert', 'Introvert']"
22748,Extrovert,6,"['Introvert', 'Introvert', 'Introvert', 'Introvert', 'Introvert', 'Introvert']"
22744,Extrovert,6,"['Introvert', 'Introvert', 'Introvert', 'Introvert', 'Introvert', 'Introvert']"
22735,Extrovert,6,"['Introvert', 'Introvert', 'Introvert', 'Introvert', 'Introvert', 'Introvert']"
23053,Extrovert,6,"['Introvert', 'Introvert', 'Introvert', 'Introvert', 'Introvert', 'Introvert']"
23048,Extrovert,6,"['Introvert', 'Introvert', 'Introvert', 'Introvert', 'Introvert', 'Introvert']"
23039,Extrovert,6,"['Introvert', 'Introvert', 'Introvert', 'Introvert', 'Introvert', 'Introvert']"
23035,Extrovert,6,"['Introvert', 'Introvert', 'Introvert', 'Introvert', 'Introvert', 'Introvert']"
23018,Extrovert,6,"['Introvert', 'Introvert', 'Introvert', 'Introvert', 'Introvert', 'Introvert']"
23010,Extrovert,6,"['Introvert', 'Introvert', 'Introvert', 'Introvert', 'Introvert', 'Introvert']"
22977,Extrovert,6,"['Introvert', 'Introvert', 'Introvert', 'Introvert', 'Introvert', 'Introvert']"
22972,Extrovert,6,"['Introvert', 'Introvert', 'Introvert', 'Introvert', 'Introvert', 'Introvert']"
22965,Extrovert,6,"['Introvert', 'Introvert', 'Introvert', 'Introvert', 'Introvert', 'Introvert']"
22963,Extrovert,6,"['Introvert', 'Introvert', 'Introvert', 'Introvert', 'Introvert', 'Introvert']"
22954,Extrovert,6,"['Introvert', 'Introvert', 'Introvert', 'Introvert', 'Introvert', 'Introvert']"
22939,Extrovert,6,"['Introvert', 'Introvert', 'Introvert', 'Introvert', 'Introvert', 'Introvert']"
22925,Extrovert,6,"['Introvert', 'Introvert', 'Introvert', 'Introvert', 'Introvert', 'Introvert']"
22914,Extrovert,6,"['Introvert', 'Introvert', 'Introvert', 'Introvert', 'Introvert', 'Introvert']"
22911,Extrovert,6,"['Introvert', 'Introvert', 'Introvert', 'Introvert', 'Introvert', 'Introvert']"
22902,Extrovert,6,"['Introvert', 'Introvert', 'Introvert', 'Introvert', 'Introvert', 'Introvert']"
23270,Extrovert,6,"['Introvert', 'Introvert', 'Introvert', 'Introvert', 'Introvert', 'Introvert']"
23218,Extrovert,6,"['Introvert', 'Introvert', 'Introvert', 'Introvert', 'Introvert', 'Introvert']"
23211,Extrovert,6,"['Introvert', 'Introvert', 'Introvert', 'Introvert', 'Introvert', 'Introvert']"
23205,Extrovert,6,"['Introvert', 'Introvert', 'Introvert', 'Introvert', 'Introvert', 'Introvert']"
23197,Extrovert,6,"['Introvert', 'Introvert', 'Introvert', 'Introvert', 'Introvert', 'Introvert']"
23195,Extrovert,6,"['Introvert', 'Introvert', 'Introvert', 'Introvert', 'Introvert', 'Introvert']"
23180,Extrovert,6,"['Introvert', 'Introvert', 'Introvert', 'Introvert', 'Introvert', 'Introvert']"
23178,Extrovert,6,"['Introvert', 'Introvert', 'Introvert', 'Introvert', 'Introvert', 'Introvert']"
23161,Extrovert,6,"['Introvert', 'Introvert', 'Introvert', 'Introvert', 'Introvert', 'Introvert']"
23159,Extrovert,6,"['Introvert', 'Introvert', 'Introvert', 'Introvert', 'Introvert', 'Introvert']"
23126,Extrovert,6,"['Introvert', 'Introvert', 'Introvert', 'Introvert', 'Introvert', 'Introvert']"
23111,Extrovert,6,"['Introvert', 'Introvert', 'Introvert', 'Introvert', 'Introvert', 'Introvert']"
23107,Extrovert,6,"['Introvert', 'Introvert', 'Introvert', 'Introvert', 'Introvert', 'Introvert']"
23062,Extrovert,6,"['Introvert', 'Introvert', 'Introvert', 'Introvert', 'Introvert', 'Introvert']"
23061,Extrovert,6,"['Introvert', 'Introvert', 'Introvert', 'Introvert', 'Introvert', 'Introvert']"
23056,Extrovert,6,"['Introvert', 'Introvert', 'Introvert', 'Introvert', 'Introvert', 'Introvert']"
23512,Extrovert,6,"['Introvert', 'Introvert', 'Introvert', 'Introvert', 'Introvert', 'Introvert']"
23479,Extrovert,6,"['Introvert', 'Introvert', 'Introvert', 'Introvert', 'Introvert', 'Introvert']"
23457,Extrovert,6,"['Introvert', 'Introvert', 'Introvert', 'Introvert', 'Introvert', 'Introvert']"
23414,Extrovert,6,"['Introvert', 'Introvert', 'Introvert', 'Introvert', 'Introvert', 'Introvert']"
23387,Extrovert,6,"['Introvert', 'Introvert', 'Introvert', 'Introvert', 'Introvert', 'Introvert']"
23383,Extrovert,6,"['Introvert', 'Introvert', 'Introvert', 'Introvert', 'Introvert', 'Introvert']"
23356,Extrovert,6,"['Introvert', 'Introvert', 'Introvert', 'Introvert', 'Introvert', 'Introvert']"
23346,Extrovert,6,"['Introvert', 'Introvert', 'Introvert', 'Introvert', 'Introvert', 'Introvert']"
23299,Extrovert,6,"['Introvert', 'Introvert', 'Introvert', 'Introvert', 'Introvert', 'Introvert']"
23296,Extrovert,6,"['Introvert', 'Introvert', 'Introvert', 'Introvert', 'Introvert', 'Introvert']"
23281,Extrovert,6,"['Introvert', 'Introvert', 'Introvert', 'Introvert', 'Introvert', 'Introvert']"
23273,Extrovert,6,"['Introvert', 'Introvert', 'Introvert', 'Introvert', 'Introvert', 'Introvert']"
24098,Extrovert,6,"['Introvert', 'Introvert', 'Introvert', 'Introvert', 'Introvert', 'Introvert']"
24092,Extrovert,6,"['Introvert', 'Introvert', 'Introvert', 'Introvert', 'Introvert', 'Introvert']"
24071,Extrovert,6,"['Introvert', 'Introvert', 'Introvert', 'Introvert', 'Introvert', 'Introvert']"
24069,Extrovert,6,"['Introvert', 'Introvert', 'Introvert', 'Introvert', 'Introvert', 'Introvert']"
24064,Extrovert,6,"['Introvert', 'Introvert', 'Introvert', 'Introvert', 'Introvert', 'Introvert']"
24054,Extrovert,6,"['Introvert', 'Introvert', 'Introvert', 'Introvert', 'Introvert', 'Introvert']"
24048,Extrovert,6,"['Introvert', 'Introvert', 'Introvert', 'Introvert', 'Introvert', 'Introvert']"
24040,Extrovert,6,"['Introvert', 'Introvert', 'Introvert', 'Introvert', 'Introvert', 'Introvert']"
24028,Extrovert,6,"['Introvert', 'Introvert', 'Introvert', 'Introvert', 'Introvert', 'Introvert']"
24027,Extrovert,6,"['Introvert', 'Introvert', 'Introvert', 'Introvert', 'Introvert', 'Introvert']"
23998,Extrovert,6,"['Introvert', 'Introvert', 'Introvert', 'Introvert', 'Introvert', 'Introvert']"
23993,Extrovert,6,"['Introvert', 'Introvert', 'Introvert', 'Introvert', 'Introvert', 'Introvert']"
23984,Extrovert,6,"['Introvert', 'Introvert', 'Introvert', 'Introvert', 'Introvert', 'Introvert']"
23958,Extrovert,6,"['Introvert', 'Introvert', 'Introvert', 'Introvert', 'Introvert', 'Introvert']"
23697,Extrovert,6,"['Introvert', 'Introvert', 'Introvert', 'Introvert', 'Introvert', 'Introvert']"
23694,Extrovert,6,"['Introvert', 'Introvert', 'Introvert', 'Introvert', 'Introvert', 'Introvert']"
23693,Extrovert,6,"['Introvert', 'Introvert', 'Introvert', 'Introvert', 'Introvert', 'Introvert']"
23682,Extrovert,6,"['Introvert', 'Introvert', 'Introvert', 'Introvert', 'Introvert', 'Introvert']"
23672,Extrovert,6,"['Introvert', 'Introvert', 'Introvert', 'Introvert', 'Introvert', 'Introvert']"
23668,Extrovert,6,"['Introvert', 'Introvert', 'Introvert', 'Introvert', 'Introvert', 'Introvert']"
23662,Extrovert,6,"['Introvert', 'Introvert', 'Introvert', 'Introvert', 'Introvert', 'Introvert']"
23628,Extrovert,6,"['Introvert', 'Introvert', 'Introvert', 'Introvert', 'Introvert', 'Introvert']"
23618,Extrovert,6,"['Introvert', 'Introvert', 'Introvert', 'Introvert', 'Introvert', 'Introvert']"
23591,Extrovert,6,"['Introvert', 'Introvert', 'Introvert', 'Introvert', 'Introvert', 'Introvert']"
23587,Extrovert,6,"['Introvert', 'Introvert', 'Introvert', 'Introvert', 'Introvert', 'Introvert']"
23580,Extrovert,6,"['Introvert', 'Introvert', 'Introvert', 'Introvert', 'Introvert', 'Introvert']"
23560,Extrovert,6,"['Introvert', 'Introvert', 'Introvert', 'Introvert', 'Introvert', 'Introvert']"
23558,Extrovert,6,"['Introvert', 'Introvert', 'Introvert', 'Introvert', 'Introvert', 'Introvert']"
23542,Extrovert,6,"['Introvert', 'Introvert', 'Introvert', 'Introvert', 'Introvert', 'Introvert']"
23841,Extrovert,6,"['Introvert', 'Introvert', 'Introvert', 'Introvert', 'Introvert', 'Introvert']"
23831,Extrovert,6,"['Introvert', 'Introvert', 'Introvert', 'Introvert', 'Introvert', 'Introvert']"
23810,Extrovert,6,"['Introvert', 'Introvert', 'Introvert', 'Introvert', 'Introvert', 'Introvert']"
23807,Extrovert,6,"['Introvert', 'Introvert', 'Introvert', 'Introvert', 'Introvert', 'Introvert']"
23802,Extrovert,6,"['Introvert', 'Introvert', 'Introvert', 'Introvert', 'Introvert', 'Introvert']"
23781,Extrovert,6,"['Introvert', 'Introvert', 'Introvert', 'Introvert', 'Introvert', 'Introvert']"
23768,Extrovert,6,"['Introvert', 'Introvert', 'Introvert', 'Introvert', 'Introvert', 'Introvert']"
23743,Extrovert,6,"['Introvert', 'Introvert', 'Introvert', 'Introvert', 'Introvert', 'Introvert']"
23741,Extrovert,6,"['Introvert', 'Introvert', 'Introvert', 'Introvert', 'Introvert', 'Introvert']"
23740,Extrovert,6,"['Introvert', 'Introvert', 'Introvert', 'Introvert', 'Introvert', 'Introvert']"
23738,Extrovert,6,"['Introvert', 'Introvert', 'Introvert', 'Introvert', 'Introvert', 'Introvert']"
23718,Extrovert,6,"['Introvert', 'Introvert', 'Introvert', 'Introvert', 'Introvert', 'Introvert']"
23708,Extrovert,6,"['Introvert', 'Introvert', 'Introvert', 'Introvert', 'Introvert', 'Introvert']"
23704,Extrovert,6,"['Introvert', 'Introvert', 'Introvert', 'Introvert', 'Introvert', 'Introvert']"
23698,Extrovert,6,"['Introvert', 'Introvert', 'Introvert', 'Introvert', 'Introvert', 'Introvert']"
23954,Extrovert,6,"['Introvert', 'Introvert', 'Introvert', 'Introvert', 'Introvert', 'Introvert']"
23949,Extrovert,6,"['Introvert', 'Introvert', 'Introvert', 'Introvert', 'Introvert', 'Introvert']"
23941,Extrovert,6,"['Introvert', 'Introvert', 'Introvert', 'Introvert', 'Introvert', 'Introvert']"
23920,Extrovert,6,"['Introvert', 'Introvert', 'Introvert', 'Introvert', 'Introvert', 'Introvert']"
23918,Extrovert,6,"['Introvert', 'Introvert', 'Introvert', 'Introvert', 'Introvert', 'Introvert']"
23912,Extrovert,6,"['Introvert', 'Introvert', 'Introvert', 'Introvert', 'Introvert', 'Introvert']"
23911,Extrovert,6,"['Introvert', 'Introvert', 'Introvert', 'Introvert', 'Introvert', 'Introvert']"
23898,Extrovert,6,"['Introvert', 'Introvert', 'Introvert', 'Introvert', 'Introvert', 'Introvert']"
23889,Extrovert,6,"['Introvert', 'Introvert', 'Introvert', 'Introvert', 'Introvert', 'Introvert']"
23871,Extrovert,6,"['Introvert', 'Introvert', 'Introvert', 'Introvert', 'Introvert', 'Introvert']"
23867,Extrovert,6,"['Introvert', 'Introvert', 'Introvert', 'Introvert', 'Introvert', 'Introvert']"
23859,Extrovert,6,"['Introvert', 'Introvert', 'Introvert', 'Introvert', 'Introvert', 'Introvert']"
23858,Extrovert,6,"['Introvert', 'Introvert', 'Introvert', 'Introvert', 'Introvert', 'Introvert']"
23846,Extrovert,6,"['Introvert', 'Introvert', 'Introvert', 'Introvert', 'Introvert', 'Introvert']"
23844,Extrovert,6,"['Introvert', 'Introvert', 'Introvert', 'Introvert', 'Introvert', 'Introvert']"
18533,Extrovert,6,"['Introvert', 'Introvert', 'Introvert', 'Introvert', 'Introvert', 'Introvert']"
24621,Extrovert,6,"['Introvert', 'Introvert', 'Introvert', 'Introvert', 'Introvert', 'Introvert']"
24610,Extrovert,6,"['Introvert', 'Introvert', 'Introvert', 'Introvert', 'Introvert', 'Introvert']"
24595,Extrovert,6,"['Introvert', 'Introvert', 'Introvert', 'Introvert', 'Introvert', 'Introvert']"
24576,Extrovert,6,"['Introvert', 'Introvert', 'Introvert', 'Introvert', 'Introvert', 'Introvert']"
24572,Extrovert,6,"['Introvert', 'Introvert', 'Introvert', 'Introvert', 'Introvert', 'Introvert']"
24564,Extrovert,6,"['Introvert', 'Introvert', 'Introvert', 'Introvert', 'Introvert', 'Introvert']"
24548,Extrovert,6,"['Introvert', 'Introvert', 'Introvert', 'Introvert', 'Introvert', 'Introvert']"
24535,Extrovert,6,"['Introvert', 'Introvert', 'Introvert', 'Introvert', 'Introvert', 'Introvert']"
24533,Extrovert,6,"['Introvert', 'Introvert', 'Introvert', 'Introvert', 'Introvert', 'Introvert']"
24530,Extrovert,6,"['Introvert', 'Introvert', 'Introvert', 'Introvert', 'Introvert', 'Introvert']"
24528,Extrovert,6,"['Introvert', 'Introvert', 'Introvert', 'Introvert', 'Introvert', 'Introvert']"
24527,Extrovert,6,"['Introvert', 'Introvert', 'Introvert', 'Introvert', 'Introvert', 'Introvert']"
24507,Extrovert,6,"['Introvert', 'Introvert', 'Introvert', 'Introvert', 'Introvert', 'Introvert']"
24504,Extrovert,6,"['Introvert', 'Introvert', 'Introvert', 'Introvert', 'Introvert', 'Introvert']"
24498,Extrovert,6,"['Introvert', 'Introvert', 'Introvert', 'Introvert', 'Introvert', 'Introvert']"
18705,Extrovert,6,"['Introvert', 'Introvert', 'Introvert', 'Introvert', 'Introvert', 'Introvert']"
18688,Extrovert,6,"['Introvert', 'Introvert', 'Introvert', 'Introvert', 'Introvert', 'Introvert']"
18685,Extrovert,6,"['Introvert', 'Introvert', 'Introvert', 'Introvert', 'Introvert', 'Introvert']"
18672,Extrovert,6,"['Introvert', 'Introvert', 'Introvert', 'Introvert', 'Introvert', 'Introvert']"
18661,Extrovert,6,"['Introvert', 'Introvert', 'Introvert', 'Introvert', 'Introvert', 'Introvert']"
18660,Extrovert,6,"['Introvert', 'Introvert', 'Introvert', 'Introvert', 'Introvert', 'Introvert']"
18654,Extrovert,6,"['Introvert', 'Introvert', 'Introvert', 'Introvert', 'Introvert', 'Introvert']"
18649,Extrovert,6,"['Introvert', 'Introvert', 'Introvert', 'Introvert', 'Introvert', 'Introvert']"
18636,Extrovert,6,"['Introvert', 'Introvert', 'Introvert', 'Introvert', 'Introvert', 'Introvert']"
18624,Extrovert,6,"['Introvert', 'Introvert', 'Introvert', 'Introvert', 'Introvert', 'Introvert']"
18613,Extrovert,6,"['Introvert', 'Introvert', 'Introvert', 'Introvert', 'Introvert', 'Introvert']"
18569,Extrovert,6,"['Introvert', 'Introvert', 'Introvert', 'Introvert', 'Introvert', 'Introvert']"
18547,Extrovert,6,"['Introvert', 'Introvert', 'Introvert', 'Introvert', 'Introvert', 'Introvert']"
18542,Extrovert,6,"['Introvert', 'Introvert', 'Introvert', 'Introvert', 'Introvert', 'Introvert']"
18536,Extrovert,6,"['Introvert', 'Introvert', 'Introvert', 'Introvert', 'Introvert', 'Introvert']"
24293,Extrovert,5,"['Introvert', 'Extrovert', 'Introvert', 'Introvert', 'Introvert', 'Introvert']"
19612,Extrovert,5,"['Extrovert', 'Introvert', 'Introvert', 'Introvert', 'Introvert', 'Introvert']"
21404,Extrovert,5,"['Introvert', 'Extrovert', 'Introvert', 'Introvert', 'Introvert', 'Introvert']"
21876,Extrovert,5,"['Introvert', 'Extrovert', 'Introvert', 'Introvert', 'Introvert', 'Introvert']"
23418,Extrovert,5,"['Introvert', 'Extrovert', 'Introvert', 'Introvert', 'Introvert', 'Introvert']"
23336,Extrovert,5,"['Introvert', 'Extrovert', 'Introvert', 'Introvert', 'Introvert', 'Introvert']"
20033,Extrovert,5,"['Introvert', 'Introvert', 'Introvert', 'Extrovert', 'Introvert', 'Introvert']"
22547,Extrovert,4,"['Introvert', 'Extrovert', 'Introvert', 'Introvert', 'Introvert', 'Extrovert']"
21800,Extrovert,4,"['Introvert', 'Extrovert', 'Introvert', 'Extrovert', 'Introvert', 'Introvert']"
22286,Extrovert,4,"['Introvert', 'Introvert', 'Extrovert', 'Introvert', 'Introvert', 'Extrovert']"
22218,Extrovert,3,"['Introvert', 'Introvert', 'Extrovert', 'Extrovert', 'Introvert', 'Extrovert']"
23872,Extrovert,2,"['Introvert', 'Introvert', 'Extrovert', 'Extrovert', 'Extrovert', 'Extrovert']"
23547,Extrovert,2,"['Extrovert', 'Extrovert', 'Introvert', 'Introvert', 'Extrovert', 'Extrovert']"
19876,Extrovert,2,"['Introvert', 'Introvert', 'Extrovert', 'Extrovert', 'Extrovert', 'Extrovert']"
18876,Extrovert,2,"['Introvert', 'Extrovert', 'Extrovert', 'Introvert', 'Extrovert', 'Extrovert']"
20017,Extrovert,2,"['Extrovert', 'Introvert', 'Introvert', 'Extrovert', 'Extrovert', 'Extrovert']"
21932,Extrovert,2,"['Introvert', 'Extrovert', 'Extrovert', 'Extrovert', 'Introvert', 'Extrovert']"
18604,Extrovert,1,"['Extrovert', 'Extrovert', 'Extrovert', 'Introvert', 'Extrovert', 'Extrovert']"
24005,Extrovert,1,"['Extrovert', 'Extrovert', 'Extrovert', 'Introvert', 'Extrovert', 'Extrovert']"
23961,Extrovert,1,"['Extrovert', 'Extrovert', 'Extrovert', 'Introvert', 'Extrovert', 'Extrovert']"
23792,Extrovert,1,"['Extrovert', 'Extrovert', 'Extrovert', 'Introvert', 'Extrovert', 'Extrovert']"
22653,Extrovert,1,"['Extrovert', 'Extrovert', 'Extrovert', 'Introvert', 'Extrovert', 'Extrovert']"
21386,Extrovert,1,"['Extrovert', 'Introvert', 'Extrovert', 'Extrovert', 'Extrovert', 'Extrovert']"
21977,Extrovert,1,"['Extrovert', 'Extrovert', 'Extrovert', 'Introvert', 'Extrovert', 'Extrovert']"
22415,Extrovert,1,"['Extrovert', 'Extrovert', 'Extrovert', 'Introvert', 'Extrovert', 'Extrovert']"
22340,Extrovert,1,"['Extrovert', 'Extrovert', 'Extrovert', 'Introvert', 'Extrovert', 'Extrovert']"
23437,Extrovert,1,"['Extrovert', 'Extrovert', 'Extrovert', 'Introvert', 'Extrovert', 'Extrovert']"
23350,Extrovert,1,"['Extrovert', 'Extrovert', 'Extrovert', 'Introvert', 'Extrovert', 'Extrovert']"
22782,Extrovert,1,"['Introvert', 'Extrovert', 'Extrovert', 'Extrovert', 'Extrovert', 'Extrovert']"
20844,Extrovert,1,"['Extrovert', 'Extrovert', 'Extrovert', 'Introvert', 'Extrovert', 'Extrovert']"
19774,Extrovert,1,"['Extrovert', 'Extrovert', 'Extrovert', 'Introvert', 'Extrovert', 'Extrovert']"
20153,Introvert,1,"['Introvert', 'Introvert', 'Introvert', 'Extrovert', 'Introvert', 'Introvert']"
20915,Extrovert,1,"['Extrovert', 'Extrovert', 'Extrovert', 'Introvert', 'Extrovert', 'Extrovert']"
20934,Extrovert,1,"['Extrovert', 'Extrovert', 'Introvert', 'Extrovert', 'Extrovert', 'Extrovert']"
19514,Extrovert,1,"['Extrovert', 'Extrovert', 'Extrovert', 'Introvert', 'Extrovert', 'Extrovert']"
19477,Extrovert,1,"['Extrovert', 'Extrovert', 'Extrovert', 'Introvert', 'Extrovert', 'Extrovert']"
18754,Extrovert,1,"['Introvert', 'Extrovert', 'Extrovert', 'Extrovert', 'Extrovert', 'Extrovert']"
24357,Extrovert,1,"['Extrovert', 'Extrovert', 'Extrovert', 'Introvert', 'Extrovert', 'Extrovert']"
